<?xml version="1.0" encoding="UTF-8" standalone="yes"?>
<groupHaul xmlns:a="http://www.appian.com/ae/types/2009">
    <versionUuid>_e-0000e229-815f-8000-9aee-01075c01075c_189</versionUuid>
    <group>
        <name>OSMA All Users</name>
        <securityMap>SECURITYMAP_TEAM</securityMap>
        <uuid>_e-0000e229-815f-8000-9aee-01075c01075c_188</uuid>
        <groupTypeUuid>SYSTEM_GROUP_TYPE_CUSTOM</groupTypeUuid>
        <description></description>
        <delegatedCreation>false</delegatedCreation>
        <memberPolicy>MEMBERPOLICY_CLOSED</memberPolicy>
        <viewingPolicy>VIEWINGPOLICY_LOW</viewingPolicy>
        <attributes/>
    </group>
    <members>
        <users/>
        <groups>
            <groupUuid>_e-0000e229-815f-8000-9aee-01075c01075c_182</groupUuid>
            <groupUuid>_e-0000e229-815f-8000-9aee-01075c01075c_185</groupUuid>
            <groupUuid>_e-0000e229-815f-8000-9aee-01075c01075c_178</groupUuid>
            <groupUuid>_e-0000e229-815f-8000-9aee-01075c01075c_180</groupUuid>
        </groups>
    </members>
    <admins>
        <users/>
        <groups/>
    </admins>
    <ruleSet/>
    <history>
        <historyInfo versionUuid="_e-0000e229-815f-8000-9aee-01075c01075c_189"/>
    </history>
</groupHaul>
