<?xml version="1.0" encoding="UTF-8" standalone="yes"?>
<groupHaul xmlns:a="http://www.appian.com/ae/types/2009">
    <versionUuid>_e-0000e229-815f-8000-9aee-01075c01075c_184</versionUuid>
    <group>
        <name>OSMA_Managers</name>
        <securityMap>SECURITYMAP_PERSONAL</securityMap>
        <uuid>_e-0000e229-815f-8000-9aee-01075c01075c_180</uuid>
        <groupTypeUuid>SYSTEM_GROUP_TYPE_CUSTOM</groupTypeUuid>
        <description>Group for manager and office staff</description>
        <delegatedCreation>false</delegatedCreation>
        <memberPolicy>MEMBERPOLICY_CLOSED</memberPolicy>
        <viewingPolicy>VIEWINGPOLICY_HIGH</viewingPolicy>
        <attributes/>
    </group>
    <members>
        <users/>
        <groups/>
    </members>
    <admins>
        <users/>
        <groups/>
    </admins>
    <ruleSet/>
    <history>
        <historyInfo versionUuid="_e-0000e229-815f-8000-9aee-01075c01075c_184"/>
    </history>
</groupHaul>
