<?xml version="1.0" encoding="UTF-8" standalone="yes"?>
<contentHaul xmlns:a="http://www.appian.com/ae/types/2009">
    <versionUuid>_a-0000e229-815f-8000-9ba2-011c48011c48_151031</versionUuid>
    <constant>
        <name>OSMA_PRICE_OF_EACH_ITEM</name>
        <uuid>_a-0000e229-815f-8000-9ba2-011c48011c48_112681</uuid>
        <description>Constant that stores the prices of each item</description>
        <parentUuid>_a-0000e229-815f-8000-9ba2-011c48011c48_110051</parentUuid>
        <visibility>
            <advertise>false</advertise>
            <hierarchy>true</hierarchy>
            <indexable>true</indexable>
            <quota>false</quota>
            <searchable>true</searchable>
            <system>false</system>
            <unlogged>false</unlogged>
        </visibility>
        <typedValue>
            <type>
                <name>Decimal?list</name>
                <namespace>http://www.appian.com/ae/types/2009</namespace>
            </type>
        </typedValue>
        <isEnvironmentSpecific>true</isEnvironmentSpecific>
    </constant>
    <roleMap public="true">
        <role inherit="false" allowForAll="false" name="readers">
            <users/>
            <groups/>
        </role>
        <role inherit="false" allowForAll="false" name="authors">
            <users/>
            <groups/>
        </role>
        <role inherit="false" allowForAll="false" name="administrators">
            <users/>
            <groups>
                <groupUuid>_e-0000e229-815f-8000-9aee-01075c01075c_178</groupUuid>
            </groups>
        </role>
        <role inherit="false" allowForAll="false" name="denyReaders">
            <users/>
            <groups/>
        </role>
        <role inherit="false" allowForAll="false" name="denyAuthors">
            <users/>
            <groups/>
        </role>
        <role inherit="false" allowForAll="false" name="denyAdministrators">
            <users/>
            <groups/>
        </role>
    </roleMap>
    <history>
        <historyInfo versionUuid="_a-0000e229-815f-8000-9ba2-011c48011c48_151031"/>
    </history>
</contentHaul>
