<?xml version="1.0" encoding="UTF-8" standalone="yes"?>
<contentHaul xmlns:a="http://www.appian.com/ae/types/2009">
    <versionUuid>_a-0000e229-815f-8000-9ba2-011c48011c48_154726</versionUuid>
    <rule>
        <name>OSMA_summary_view_for_order</name>
        <uuid>_a-0000e229-815f-8000-9ba2-011c48011c48_141650</uuid>
        <description>summary view by order ID</description>
        <parentUuid>_a-0000e229-815f-8000-9ba2-011c48011c48_110063</parentUuid>
        <visibility>
            <advertise>false</advertise>
            <hierarchy>true</hierarchy>
            <indexable>true</indexable>
            <quota>false</quota>
            <searchable>true</searchable>
            <system>false</system>
            <unlogged>false</unlogged>
        </visibility>
        <definition>{
  #"SYSTEM_SYSRULES_sectionLayout_v1"(
    label: "",
    contents: {
      #"SYSTEM_SYSRULES_columnsLayout"(
        columns: {
          #"SYSTEM_SYSRULES_columnLayout"(
            contents: {
              #"SYSTEM_SYSRULES_textField"(
                label: "Employee Name:",
                labelPosition: "ADJACENT",
                value: ri!ri_cdt.employee,
                saveInto: {},
                refreshAfter: "UNFOCUS",
                readonly: true,
                validations: {}
              )
            }
          ),
          #"SYSTEM_SYSRULES_columnLayout"(
            contents: {
              #"SYSTEM_SYSRULES_textField"(
                label: "Employee ID:",
                labelPosition: "ADJACENT",
                value: #"_a-0000e229-815f-8000-9ba2-011c48011c48_139289"(
                  ri!ri_cdt.employee
                ),
                saveInto: {},
                refreshAfter: "UNFOCUS",
                readonly: true,
                validations: {}
              )
            }
          ),
          #"SYSTEM_SYSRULES_columnLayout"(
            contents: {
              #"SYSTEM_SYSRULES_textField"(
                label: "Order ID:",
                labelPosition: "ADJACENT",
                value: tostring(
                  ri!ri_cdt.orderID
                ),
                saveInto: {},
                refreshAfter: "UNFOCUS",
                readonly: true,
                validations: {}
              )
            }
          )
        }
      )
    }
  ),
  #"SYSTEM_SYSRULES_gridLayout"(
    label: "",
    labelPosition: "ABOVE",
    headerCells: {
      #"SYSTEM_SYSRULES_gridLayoutHeaderCell"(
        label: "Item"
      ),
      #"SYSTEM_SYSRULES_gridLayoutHeaderCell"(
        label: "Quantity"
      )
    },
    columnConfigs: {
      #"SYSTEM_SYSRULES_gridLayoutColumnConfig"(
        width: "DISTRIBUTE",
        weight: 2
      ),
      #"SYSTEM_SYSRULES_gridLayoutColumnConfig"(
        width: "DISTRIBUTE"
      )
    },
    rows: {
      #"SYSTEM_SYSRULES_gridRowLayout"(
        id: "wb_1",
        contents: {
          #"SYSTEM_SYSRULES_textField"(
            label: "Text",
            labelPosition: "ABOVE",
            value: #"_a-0000e229-815f-8000-9ba2-011c48011c48_112145"[1],
            saveInto: {},
            refreshAfter: "UNFOCUS",
            readonly: true,
            validations: {}
          ),
          #"SYSTEM_SYSRULES_integerField"(
            label: "Integer",
            labelPosition: "ABOVE",
            value: ri!ri_cdt.orders.whiteboard,
            saveInto: ri!ri_cdt.orders.whiteboard,
            refreshAfter: "UNFOCUS",
            readonly: true,
            validations: {}
          )
        },
        showwhen: and(
          {
            not(
              isnull(
                ri!ri_cdt.orders.whiteboard
              )
            ),
            (
              ri!ri_cdt.orders.whiteboard &gt; 0
            )
          }
        )
      ),
      #"SYSTEM_SYSRULES_gridRowLayout"(
        id: "fcp_2",
        contents: {
          #"SYSTEM_SYSRULES_textField"(
            label: "Text",
            labelPosition: "ABOVE",
            value: #"_a-0000e229-815f-8000-9ba2-011c48011c48_112145"[2],
            saveInto: {},
            refreshAfter: "UNFOCUS",
            readonly: true,
            validations: {}
          ),
          #"SYSTEM_SYSRULES_integerField"(
            label: "Integer",
            labelPosition: "ABOVE",
            value: ri!ri_cdt.orders.flipChartPaper,
            saveInto: ri!ri_cdt.orders.flipChartPaper,
            refreshAfter: "UNFOCUS",
            readonly: true,
            validations: {}
          )
        },
        showwhen: and(
          {
            not(
              isnull(
                ri!ri_cdt.orders.flipChartPaper
              )
            ),
            (
              ri!ri_cdt.orders.flipChartPaper &gt; 0
            )
          }
        )
      ),
      #"SYSTEM_SYSRULES_gridRowLayout"(
        id: "mk_3",
        contents: {
          #"SYSTEM_SYSRULES_textField"(
            label: "Text",
            labelPosition: "ABOVE",
            value: #"_a-0000e229-815f-8000-9ba2-011c48011c48_112145"[3],
            saveInto: {},
            refreshAfter: "UNFOCUS",
            readonly: true,
            validations: {}
          ),
          #"SYSTEM_SYSRULES_integerField"(
            label: "Integer",
            labelPosition: "ABOVE",
            value: ri!ri_cdt.orders.marker,
            saveInto: ri!ri_cdt.orders.marker,
            refreshAfter: "UNFOCUS",
            readonly: true,
            validations: {}
          )
        },
        showwhen: and(
          {
            not(
              isnull(
                ri!ri_cdt.orders.marker
              )
            ),
            (
              ri!ri_cdt.orders.marker &gt; 0
            )
          }
        )
      ),
      #"SYSTEM_SYSRULES_gridRowLayout"(
        id: "np_4",
        contents: {
          #"SYSTEM_SYSRULES_textField"(
            label: "Text",
            labelPosition: "ABOVE",
            value: #"_a-0000e229-815f-8000-9ba2-011c48011c48_112145"[4],
            saveInto: {},
            refreshAfter: "UNFOCUS",
            readonly: true,
            validations: {}
          ),
          #"SYSTEM_SYSRULES_integerField"(
            label: "Integer",
            labelPosition: "ABOVE",
            value: ri!ri_cdt.orders.notepad,
            saveInto: ri!ri_cdt.orders.notepad,
            refreshAfter: "UNFOCUS",
            readonly: true,
            validations: {}
          )
        },
        showwhen: and(
          {
            not(
              isnull(
                ri!ri_cdt.orders.notepad
              )
            ),
            (
              ri!ri_cdt.orders.notepad &gt; 0
            )
          }
        )
      ),
      #"SYSTEM_SYSRULES_gridRowLayout"(
        id: "pn_5",
        contents: {
          #"SYSTEM_SYSRULES_textField"(
            label: "Text",
            labelPosition: "ABOVE",
            value: #"_a-0000e229-815f-8000-9ba2-011c48011c48_112145"[5],
            saveInto: {},
            refreshAfter: "UNFOCUS",
            readonly: true,
            validations: {}
          ),
          #"SYSTEM_SYSRULES_integerField"(
            label: "Integer",
            labelPosition: "ABOVE",
            value: ri!ri_cdt.orders.pen,
            saveInto: ri!ri_cdt.orders.pen,
            refreshAfter: "UNFOCUS",
            readonly: true,
            validations: {}
          )
        },
        showwhen: and(
          {
            not(
              isnull(
                ri!ri_cdt.orders.pen
              )
            ),
            (
              ri!ri_cdt.orders.pen &gt; 0
            )
          }
        )
      ),
      #"SYSTEM_SYSRULES_gridRowLayout"(
        id: "hl_6",
        contents: {
          #"SYSTEM_SYSRULES_textField"(
            label: "Text",
            labelPosition: "ABOVE",
            value: #"_a-0000e229-815f-8000-9ba2-011c48011c48_112145"[6],
            saveInto: {},
            refreshAfter: "UNFOCUS",
            readonly: true,
            validations: {}
          ),
          #"SYSTEM_SYSRULES_integerField"(
            label: "Integer",
            labelPosition: "ABOVE",
            value: ri!ri_cdt.orders.highlighter,
            saveInto: ri!ri_cdt.orders.highlighter,
            refreshAfter: "UNFOCUS",
            readonly: true,
            validations: {}
          )
        },
        showwhen: and(
          {
            not(
              isnull(
                ri!ri_cdt.orders.highlighter
              )
            ),
            (
              ri!ri_cdt.orders.highlighter &gt; 0
            )
          }
        )
      ),
      #"SYSTEM_SYSRULES_gridRowLayout"(
        id: "pin_7",
        contents: {
          #"SYSTEM_SYSRULES_textField"(
            label: "Text",
            labelPosition: "ABOVE",
            value: #"_a-0000e229-815f-8000-9ba2-011c48011c48_112145"[7],
            saveInto: {},
            refreshAfter: "UNFOCUS",
            readonly: true,
            validations: {}
          ),
          #"SYSTEM_SYSRULES_integerField"(
            label: "Integer",
            labelPosition: "ABOVE",
            value: ri!ri_cdt.orders.postItNote,
            saveInto: ri!ri_cdt.orders.postItNote,
            refreshAfter: "UNFOCUS",
            readonly: true,
            validations: {}
          )
        },
        showwhen: and(
          {
            not(
              isnull(
                ri!ri_cdt.orders.postItNote
              )
            ),
            (
              ri!ri_cdt.orders.postItNote &gt; 0
            )
          }
        )
      )
    },
    selectionValue: {},
    selectionSaveInto: {},
    validations: {},
    shadeAlternateRows: true,
    borderStyle: "LIGHT"
  ),
  #"SYSTEM_SYSRULES_textField"(
    label: "Grand Total: ",
    labelPosition: "ADJACENT",
    value: "Rs. " &amp; tostring(
      ri!ri_cdt.total
    ),
    saveInto: {},
    refreshAfter: "UNFOCUS",
    readonly: true,
    validations: {}
  ),
  #"SYSTEM_SYSRULES_sectionLayout_v1"(
    label: "Order Status:",
    contents: {
      #"SYSTEM_SYSRULES_columnsLayout"(
        columns: {
          #"SYSTEM_SYSRULES_columnLayout"(
            contents: {
              #"SYSTEM_SYSRULES_richTextDisplayField"(
                label: "",
                labelPosition: "ABOVE",
                value: {
                  #"SYSTEM_SYSRULES_richTextIcon"(
                    icon: "check",
                    alttext: "",
                    caption: "",
                    link: {},
                    color: "#5fa420",
                    size: "LARGE"
                  )
                }
              ),
              #"SYSTEM_SYSRULES_textField"(
                label: "",
                labelPosition: "COLLAPSED",
                value: "Arrived and Notified",
                saveInto: {},
                refreshAfter: "UNFOCUS",
                readonly: true,
                validations: {}
              )
            },
            width: "NARROW",
            showWhen: ri!ri_cdt.osReceived = true
          ),
          /*Arrived and notified*/
          #"SYSTEM_SYSRULES_columnLayout"(
            contents: {
              #"SYSTEM_SYSRULES_richTextDisplayField"(
                label: "",
                labelPosition: "ABOVE",
                value: {
                  #"SYSTEM_SYSRULES_richTextIcon"(
                    icon: "check",
                    alttext: "",
                    caption: "",
                    link: {},
                    color: "#5fa420",
                    size: "LARGE"
                  )
                }
              ),
              #"SYSTEM_SYSRULES_textField"(
                label: "",
                labelPosition: "COLLAPSED",
                value: "Delivered",
                saveInto: {},
                refreshAfter: "UNFOCUS",
                readonly: true,
                validations: {}
              )
            },
            showWhen: and(
              ri!ri_cdt.osdelivered = true,
              ri!ri_cdt.osReceived = true
            )
          )
        },
        showwhen: isusermemberofgroup(
          loggedInUser(),
          #"_a-0000e229-815f-8000-9ba2-011c48011c48_113604"
        )
      )
    },
    showwhen: and(
      isusermemberofgroup(
        loggedInUser(),
        #"_a-0000e229-815f-8000-9ba2-011c48011c48_113604"
      ),
      not(
        isnull(
          ri!ri_cdt.osReceived
        )
      )
    )
  )
}</definition>
        <namedTypedValue>
            <name>ri_cdt</name>
            <type>
                <name>OSMA_cdt</name>
                <namespace>urn:com:appian:types</namespace>
            </type>
        </namedTypedValue>
        <preferredEditor>interface</preferredEditor>
        <offlineEnabled>false</offlineEnabled>
    </rule>
    <roleMap public="true">
        <role inherit="true" allowForAll="false" name="readers">
            <users/>
            <groups/>
        </role>
        <role inherit="true" allowForAll="false" name="authors">
            <users/>
            <groups/>
        </role>
        <role inherit="true" allowForAll="false" name="administrators">
            <users/>
            <groups/>
        </role>
        <role inherit="false" allowForAll="false" name="denyReaders">
            <users/>
            <groups/>
        </role>
        <role inherit="false" allowForAll="false" name="denyAuthors">
            <users/>
            <groups/>
        </role>
        <role inherit="false" allowForAll="false" name="denyAdministrators">
            <users/>
            <groups/>
        </role>
    </roleMap>
    <history>
        <historyInfo versionUuid="_a-0000e229-815f-8000-9ba2-011c48011c48_154726"/>
    </history>
</contentHaul>
