<?xml version="1.0" encoding="UTF-8" standalone="yes"?>
<contentHaul xmlns:a="http://www.appian.com/ae/types/2009">
    <versionUuid>_a-0000e229-815f-8000-9ba2-011c48011c48_154960</versionUuid>
    <rule>
        <name>OSMA_orders_page</name>
        <uuid>_a-0000e229-815f-8000-9ba2-011c48011c48_127825</uuid>
        <description>page from where orders will be placed </description>
        <parentUuid>_a-0000e229-815f-8000-9ba2-011c48011c48_110063</parentUuid>
        <visibility>
            <advertise>false</advertise>
            <hierarchy>true</hierarchy>
            <indexable>true</indexable>
            <quota>false</quota>
            <searchable>true</searchable>
            <system>false</system>
            <unlogged>false</unlogged>
        </visibility>
        <definition>{
  #"SYSTEM_SYSRULES_sectionLayout_v1"(
    label: "Employee Details:",
    contents: {
      #"SYSTEM_SYSRULES_columnsLayout"(
        columns: {
          #"SYSTEM_SYSRULES_columnLayout"(
            contents: {
              #"SYSTEM_SYSRULES_integerField"(
                label: "Employee Id:",
                labelPosition: "JUSTIFIED",
                value: #"_a-0000e229-815f-8000-9ba2-011c48011c48_139289"(
                  tostring(
                    loggedInUser()
                  )
                ),
                refreshAfter: "UNFOCUS",
                readonly: true,
                validations: {},
                align: "LEFT"
              )
            },
            width: "AUTO"
          ),
          #"SYSTEM_SYSRULES_columnLayout"(
            contents: {
              #"SYSTEM_SYSRULES_textField"(
                label: "Employee Name:",
                labelPosition: "JUSTIFIED",
                value: tostring(
                  loggedInUser()
                ),
                saveInto: a!save(
                  ri!ri_cdt.employee,
                  save!value
                ),
                refreshAfter: "UNFOCUS",
                readonly: true,
                validations: {},
                align: "LEFT"
              )
            }
          ),
          #"SYSTEM_SYSRULES_columnLayout"(
            contents: {
              #"SYSTEM_SYSRULES_floatingPointField"(
                label: "Quota amount left:",
                labelPosition: "JUSTIFIED",
                helptooltip: "Quota amount left will be calculated after one order's delivery",
                value: #"_a-0000e229-815f-8000-9ba2-011c48011c48_144337"(
                  loggedInUser()
                ),
                saveInto: ri!ri_cdt3.quota,
                refreshAfter: "UNFOCUS",
                readonly: true,
                validations: {},
                align: "LEFT"
              )
            }
          )
        }
      )
    }
  ),
  #"SYSTEM_SYSRULES_sectionLayout_v1"(
    label: "Item Details:",
    contents: load(
      local!items: 'type!{urn:com:appian:types}OSMA_cdt_2'(),
      {
        #"SYSTEM_SYSRULES_gridLayout"(
          label: "Place your order below",
          labelPosition: "ABOVE",
          headerCells: {
            #"SYSTEM_SYSRULES_gridLayoutHeaderCell"(
              label: "Item Id",
              align: "LEFT"
            ),
            #"SYSTEM_SYSRULES_gridLayoutHeaderCell"(
              label: "Item Name"
            ),
            #"SYSTEM_SYSRULES_gridLayoutHeaderCell"(
              label: "Item Image"
            ),
            #"SYSTEM_SYSRULES_gridLayoutHeaderCell"(
              label: "Price per item (Rs.)"
            ),
            #"SYSTEM_SYSRULES_gridLayoutHeaderCell"(
              label: "Quantity"
            ),
            #"SYSTEM_SYSRULES_gridLayoutHeaderCell"(
              label: "Remove All"
            )
          },
          columnConfigs: {
            #"SYSTEM_SYSRULES_gridLayoutColumnConfig"(
              width: "DISTRIBUTE",
              weight: null
            ),
            #"SYSTEM_SYSRULES_gridLayoutColumnConfig"(
              width: "DISTRIBUTE",
              weight: 2
            ),
            #"SYSTEM_SYSRULES_gridLayoutColumnConfig"(
              width: "DISTRIBUTE"
            ),
            #"SYSTEM_SYSRULES_gridLayoutColumnConfig"(
              width: "DISTRIBUTE"
            ),
            #"SYSTEM_SYSRULES_gridLayoutColumnConfig"(
              width: "DISTRIBUTE"
            ),
            #"SYSTEM_SYSRULES_gridLayoutColumnConfig"(
              width: "DISTRIBUTE",
              weight: 2
            ),
            #"SYSTEM_SYSRULES_gridLayoutColumnConfig"(
              width: "DISTRIBUTE"
            )
          },
          rows: {
            #"SYSTEM_SYSRULES_gridRowLayout"(
              contents: {
                #"SYSTEM_SYSRULES_integerField"(
                  label: "Integer",
                  labelPosition: "ABOVE",
                  value: 1,
                  saveInto: {},
                  refreshAfter: "UNFOCUS",
                  readonly: true,
                  validations: {}
                ),
                #"SYSTEM_SYSRULES_textField"(
                  label: "Text",
                  labelPosition: "ABOVE",
                  value: #"_a-0000e229-815f-8000-9ba2-011c48011c48_112145"[1],
                  saveInto: {},
                  refreshAfter: "UNFOCUS",
                  readonly: true,
                  validations: {}
                ),
                #"SYSTEM_SYSRULES_imageField_v1"(
                  label: "Image",
                  labelPosition: "ABOVE",
                  images: {
                    #"SYSTEM_SYSRULES_documentImage"(
                      document: 11365
                    )
                  },
                  size: "TINY",
                  isThumbnail: false,
                  style: "STANDARD",
                  align: "START"
                ),
                #"SYSTEM_SYSRULES_floatingPointField"(
                  label: "Decimal",
                  labelPosition: "ABOVE",
                  value: #"_a-0000e229-815f-8000-9ba2-011c48011c48_112681"[1],
                  saveInto: {},
                  refreshAfter: "UNFOCUS",
                  readonly: true,
                  validations: {}
                ),
                #"SYSTEM_SYSRULES_richTextDisplayField"(
                  value: {
                    #"SYSTEM_SYSRULES_richTextIcon"(
                      icon: "PLUS",
                      link: #"SYSTEM_SYSRULES_dynamicLink"(
                        saveInto: {
                          a!save(
                            local!items.whiteboard,
                            sum(
                              if(
                                isnull(
                                  local!items.whiteboard
                                ),
                                0,
                                local!items.whiteboard
                              ),
                              1
                            )
                          )
                        }
                      ),
                      color: "ACCENT"
                    ),
                    #"SYSTEM_SYSRULES_richTextItem_v1"(
                      text: "   " &amp; tostring(
                        if(
                          isnull(
                            local!items.whiteboard
                          ),
                          0,
                          local!items.whiteboard
                        )
                      ) &amp; "   ",
                      size: "MEDIUM"
                    ),
                    #"SYSTEM_SYSRULES_richTextIcon"(
                      icon: "MINUS",
                      link: #"SYSTEM_SYSRULES_dynamicLink"(
                        label: "-",
                        saveInto: {
                          if(
                            or(
                              isnull(
                                local!items.whiteboard
                              ),
                              local!items.whiteboard = 0
                            ),
                            null,
                            a!save(
                              local!items.whiteboard,
                              sum(
                                local!items.whiteboard,
                                - 1
                              )
                            )
                          )
                        }
                      )
                    )
                  }
                ),
                #"SYSTEM_SYSRULES_linkField"(
                  label: "Link",
                  labelPosition: "ABOVE",
                  links: {
                    #"SYSTEM_SYSRULES_dynamicLink"(
                      label: "Remove from Cart",
                      saveInto: a!save(
                        local!items.whiteboard,
                        0
                      ),
                      showWhen: and(
                        {
                          not(
                            isnull(
                              local!items.whiteboard
                            )
                          ),
                          (
                            local!items.whiteboard &gt; 0
                          )
                        }
                      )
                    )
                  }
                )
              }
            ),
            #"SYSTEM_SYSRULES_gridRowLayout"(
              contents: {
                #"SYSTEM_SYSRULES_integerField"(
                  label: "Integer",
                  labelPosition: "ABOVE",
                  value: 2,
                  saveInto: {},
                  refreshAfter: "UNFOCUS",
                  readonly: true,
                  validations: {}
                ),
                #"SYSTEM_SYSRULES_textField"(
                  label: "Text",
                  labelPosition: "ABOVE",
                  value: #"_a-0000e229-815f-8000-9ba2-011c48011c48_112145"[2],
                  saveInto: {},
                  refreshAfter: "UNFOCUS",
                  readonly: true,
                  validations: {}
                ),
                #"SYSTEM_SYSRULES_imageField_v1"(
                  label: "Image",
                  labelPosition: "ABOVE",
                  images: {
                    #"SYSTEM_SYSRULES_documentImage"(
                      document: 11360
                    )
                  },
                  size: "TINY",
                  isThumbnail: false,
                  style: "STANDARD",
                  align: "START"
                ),
                #"SYSTEM_SYSRULES_floatingPointField"(
                  label: "Decimal",
                  labelPosition: "ABOVE",
                  value: #"_a-0000e229-815f-8000-9ba2-011c48011c48_112681"[2],
                  saveInto: {},
                  refreshAfter: "UNFOCUS",
                  readonly: true,
                  validations: {}
                ),
                #"SYSTEM_SYSRULES_richTextDisplayField"(
                  value: {
                    #"SYSTEM_SYSRULES_richTextIcon"(
                      icon: "PLUS",
                      link: #"SYSTEM_SYSRULES_dynamicLink"(
                        saveInto: {
                          a!save(
                            local!items.flipChartPaper,
                            sum(
                              if(
                                isnull(
                                  local!items.flipChartPaper
                                ),
                                local!items.flipChartPaper: 0,
                                local!items.flipChartPaper
                              ),
                              1
                            )
                          )
                        }
                      )
                    ),
                    #"SYSTEM_SYSRULES_richTextItem_v1"(
                      text: "   " &amp; if(
                        isnull(
                          local!items.flipChartPaper
                        ),
                        0,
                        local!items.flipChartPaper
                      ) &amp; "   ",
                      size: "MEDIUM"
                    ),
                    #"SYSTEM_SYSRULES_richTextIcon"(
                      icon: "MINUS",
                      link: #"SYSTEM_SYSRULES_dynamicLink"(
                        label: "-",
                        saveInto: {
                          if(
                            or(
                              isnull(
                                local!items.flipChartPaper
                              ),
                              local!items.flipChartPaper = 0
                            ),
                            null,
                            a!save(
                              local!items.flipChartPaper,
                              sum(
                                local!items.flipChartPaper,
                                - 1
                              )
                            )
                          )
                        }
                      )
                    )
                  }
                ),
                #"SYSTEM_SYSRULES_linkField"(
                  label: "Link",
                  labelPosition: "ABOVE",
                  links: {
                    #"SYSTEM_SYSRULES_dynamicLink"(
                      label: "Remove from Cart",
                      saveInto: a!save(
                        local!items.flipChartPaper,
                        0
                      ),
                      showWhen: and(
                        {
                          not(
                            isnull(
                              local!items.flipChartPaper
                            )
                          ),
                          local!items.flipChartPaper &gt; 0
                        }
                      )
                    )
                  }
                )
              }
            ),
            #"SYSTEM_SYSRULES_gridRowLayout"(
              contents: {
                #"SYSTEM_SYSRULES_integerField"(
                  label: "Integer",
                  labelPosition: "ABOVE",
                  value: 3,
                  saveInto: {},
                  refreshAfter: "UNFOCUS",
                  readonly: true,
                  validations: {}
                ),
                #"SYSTEM_SYSRULES_textField"(
                  label: "Text",
                  labelPosition: "ABOVE",
                  value: #"_a-0000e229-815f-8000-9ba2-011c48011c48_112145"[3],
                  saveInto: {},
                  refreshAfter: "UNFOCUS",
                  readonly: true,
                  validations: {}
                ),
                #"SYSTEM_SYSRULES_imageField_v1"(
                  label: "Image",
                  labelPosition: "ABOVE",
                  images: {
                    #"SYSTEM_SYSRULES_documentImage"(
                      document: 11363
                    )
                  },
                  size: "TINY",
                  isThumbnail: false,
                  style: "STANDARD",
                  align: "START"
                ),
                #"SYSTEM_SYSRULES_floatingPointField"(
                  label: "Decimal",
                  labelPosition: "ABOVE",
                  value: #"_a-0000e229-815f-8000-9ba2-011c48011c48_112681"[3],
                  saveInto: {},
                  refreshAfter: "UNFOCUS",
                  readonly: true,
                  validations: {}
                ),
                #"SYSTEM_SYSRULES_richTextDisplayField"(
                  value: {
                    #"SYSTEM_SYSRULES_richTextIcon"(
                      icon: "PLUS",
                      link: #"SYSTEM_SYSRULES_dynamicLink"(
                        label: "+",
                        saveInto: {
                          a!save(
                            local!items.marker,
                            sum(
                              if(
                                isnull(
                                  local!items.marker
                                ),
                                local!items.marker: 0,
                                local!items.marker
                              ),
                              1
                            )
                          )
                        }
                      )
                    ),
                    #"SYSTEM_SYSRULES_richTextItem_v1"(
                      text: "   " &amp; if(
                        isnull(
                          local!items.marker
                        ),
                        0,
                        local!items.marker
                      ) &amp; "   ",
                      size: "MEDIUM"
                    ),
                    #"SYSTEM_SYSRULES_richTextIcon"(
                      icon: "MINUS",
                      link: #"SYSTEM_SYSRULES_dynamicLink"(
                        label: "-",
                        saveInto: {
                          if(
                            or(
                              isnull(
                                local!items.marker
                              ),
                              local!items.marker = 0
                            ),
                            null,
                            a!save(
                              local!items.marker,
                              sum(
                                local!items.marker,
                                - 1
                              )
                            )
                          )
                        }
                      )
                    )
                  }
                ),
                #"SYSTEM_SYSRULES_linkField"(
                  label: "Link",
                  labelPosition: "ABOVE",
                  links: {
                    #"SYSTEM_SYSRULES_dynamicLink"(
                      label: "Remove from Cart",
                      saveInto: a!save(
                        local!items.marker,
                        0
                      ),
                      showWhen: and(
                        {
                          not(
                            isnull(
                              local!items.marker
                            )
                          ),
                          local!items.marker &gt; 0
                        }
                      )
                    )
                  }
                )
              }
            ),
            #"SYSTEM_SYSRULES_gridRowLayout"(
              contents: {
                #"SYSTEM_SYSRULES_integerField"(
                  label: "Integer",
                  labelPosition: "ABOVE",
                  value: 4,
                  saveInto: {},
                  refreshAfter: "UNFOCUS",
                  readonly: true,
                  validations: {}
                ),
                #"SYSTEM_SYSRULES_textField"(
                  label: "Text",
                  labelPosition: "ABOVE",
                  value: #"_a-0000e229-815f-8000-9ba2-011c48011c48_112145"[4],
                  saveInto: {},
                  refreshAfter: "UNFOCUS",
                  readonly: true,
                  validations: {}
                ),
                #"SYSTEM_SYSRULES_imageField_v1"(
                  label: "Image",
                  labelPosition: "ABOVE",
                  images: {
                    #"SYSTEM_SYSRULES_documentImage"(
                      document: 11362
                    )
                  },
                  size: "TINY",
                  isThumbnail: false,
                  style: "STANDARD",
                  align: "START"
                ),
                #"SYSTEM_SYSRULES_floatingPointField"(
                  label: "Decimal",
                  labelPosition: "ABOVE",
                  value: #"_a-0000e229-815f-8000-9ba2-011c48011c48_112681"[4],
                  saveInto: {},
                  refreshAfter: "UNFOCUS",
                  readonly: true,
                  validations: {}
                ),
                #"SYSTEM_SYSRULES_richTextDisplayField"(
                  value: {
                    #"SYSTEM_SYSRULES_richTextIcon"(
                      icon: "PLUS",
                      link: #"SYSTEM_SYSRULES_dynamicLink"(
                        label: "+",
                        saveInto: {
                          a!save(
                            local!items.notepad,
                            sum(
                              if(
                                isnull(
                                  local!items.notepad
                                ),
                                local!items.notepad: 0,
                                local!items.notepad
                              ),
                              1
                            )
                          )
                        }
                      )
                    ),
                    #"SYSTEM_SYSRULES_richTextItem_v1"(
                      text: "   " &amp; if(
                        isnull(
                          local!items.notepad
                        ),
                        0,
                        local!items.notepad
                      ) &amp; "   ",
                      size: "MEDIUM"
                    ),
                    #"SYSTEM_SYSRULES_richTextIcon"(
                      icon: "MINUS",
                      link: #"SYSTEM_SYSRULES_dynamicLink"(
                        label: "-",
                        saveInto: {
                          if(
                            or(
                              isnull(
                                local!items.notepad
                              ),
                              local!items.notepad = 0
                            ),
                            null,
                            a!save(
                              local!items.notepad,
                              sum(
                                local!items.notepad,
                                - 1
                              )
                            )
                          )
                        }
                      )
                    )
                  }
                ),
                #"SYSTEM_SYSRULES_linkField"(
                  label: "Link",
                  labelPosition: "ABOVE",
                  links: {
                    #"SYSTEM_SYSRULES_dynamicLink"(
                      label: "Remove from Cart",
                      saveInto: a!save(
                        local!items.notepad,
                        0
                      ),
                      showWhen: and(
                        {
                          not(
                            isnull(
                              local!items.notepad
                            )
                          ),
                          local!items.notepad &gt; 0
                        }
                      )
                    )
                  }
                )
              }
            ),
            #"SYSTEM_SYSRULES_gridRowLayout"(
              contents: {
                #"SYSTEM_SYSRULES_integerField"(
                  label: "Integer",
                  labelPosition: "ABOVE",
                  value: 5,
                  saveInto: {},
                  refreshAfter: "UNFOCUS",
                  readonly: true,
                  validations: {}
                ),
                #"SYSTEM_SYSRULES_textField"(
                  label: "Text",
                  labelPosition: "ABOVE",
                  value: #"_a-0000e229-815f-8000-9ba2-011c48011c48_112145"[5],
                  saveInto: {},
                  refreshAfter: "UNFOCUS",
                  readonly: true,
                  validations: {}
                ),
                #"SYSTEM_SYSRULES_imageField_v1"(
                  label: "Image",
                  labelPosition: "ABOVE",
                  images: {
                    #"SYSTEM_SYSRULES_documentImage"(
                      document: 11366
                    )
                  },
                  size: "TINY",
                  isThumbnail: false,
                  style: "STANDARD",
                  align: "START"
                ),
                #"SYSTEM_SYSRULES_floatingPointField"(
                  label: "Decimal",
                  labelPosition: "ABOVE",
                  value: #"_a-0000e229-815f-8000-9ba2-011c48011c48_112681"[5],
                  saveInto: {},
                  refreshAfter: "UNFOCUS",
                  readonly: true,
                  validations: {}
                ),
                #"SYSTEM_SYSRULES_richTextDisplayField"(
                  value: {
                    #"SYSTEM_SYSRULES_richTextIcon"(
                      icon: "PLUS",
                      link: #"SYSTEM_SYSRULES_dynamicLink"(
                        label: "+",
                        saveInto: {
                          a!save(
                            local!items.pen,
                            sum(
                              if(
                                isnull(
                                  local!items.pen
                                ),
                                local!items.pen: 0,
                                local!items.pen
                              ),
                              1
                            )
                          )
                        }
                      )
                    ),
                    #"SYSTEM_SYSRULES_richTextItem_v1"(
                      text: "   " &amp; if(
                        isnull(
                          local!items.pen
                        ),
                        0,
                        local!items.pen
                      ) &amp; "   ",
                      size: "MEDIUM"
                    ),
                    #"SYSTEM_SYSRULES_richTextIcon"(
                      icon: "MINUS",
                      link: #"SYSTEM_SYSRULES_dynamicLink"(
                        label: "-",
                        saveInto: {
                          if(
                            or(
                              isnull(
                                local!items.pen
                              ),
                              local!items.pen = 0
                            ),
                            null,
                            a!save(
                              local!items.pen,
                              sum(
                                local!items.pen,
                                - 1
                              )
                            )
                          )
                        }
                      )
                    )
                  }
                ),
                #"SYSTEM_SYSRULES_linkField"(
                  label: "Link",
                  labelPosition: "ABOVE",
                  links: {
                    #"SYSTEM_SYSRULES_dynamicLink"(
                      label: "Remove from Cart",
                      saveInto: a!save(
                        local!items.pen,
                        0
                      ),
                      showWhen: and(
                        {
                          not(
                            isnull(
                              local!items.pen
                            )
                          ),
                          local!items.pen &gt; 0
                        }
                      )
                    )
                  }
                )
              }
            ),
            #"SYSTEM_SYSRULES_gridRowLayout"(
              contents: {
                #"SYSTEM_SYSRULES_integerField"(
                  label: "Integer",
                  labelPosition: "ABOVE",
                  value: 6,
                  saveInto: {},
                  refreshAfter: "UNFOCUS",
                  readonly: true,
                  validations: {}
                ),
                #"SYSTEM_SYSRULES_textField"(
                  label: "Text",
                  labelPosition: "ABOVE",
                  value: #"_a-0000e229-815f-8000-9ba2-011c48011c48_112145"[6],
                  saveInto: {},
                  refreshAfter: "UNFOCUS",
                  readonly: true,
                  validations: {}
                ),
                #"SYSTEM_SYSRULES_imageField_v1"(
                  label: "Image",
                  labelPosition: "ABOVE",
                  images: {
                    #"SYSTEM_SYSRULES_documentImage"(
                      document: 11361
                    )
                  },
                  size: "TINY",
                  isThumbnail: false,
                  style: "STANDARD",
                  align: "START"
                ),
                #"SYSTEM_SYSRULES_floatingPointField"(
                  label: "Decimal",
                  labelPosition: "ABOVE",
                  value: #"_a-0000e229-815f-8000-9ba2-011c48011c48_112681"[6],
                  saveInto: {},
                  refreshAfter: "UNFOCUS",
                  readonly: true,
                  validations: {}
                ),
                #"SYSTEM_SYSRULES_richTextDisplayField"(
                  value: {
                    #"SYSTEM_SYSRULES_richTextIcon"(
                      icon: "PLUS",
                      link: #"SYSTEM_SYSRULES_dynamicLink"(
                        label: "+",
                        saveInto: {
                          a!save(
                            local!items.highlighter,
                            sum(
                              if(
                                isnull(
                                  local!items.highlighter
                                ),
                                local!items.highlighter: 0,
                                local!items.highlighter
                              ),
                              1
                            )
                          )
                        }
                      )
                    ),
                    #"SYSTEM_SYSRULES_richTextItem_v1"(
                      text: "   " &amp; if(
                        isnull(
                          local!items.highlighter
                        ),
                        0,
                        local!items.highlighter
                      ) &amp; "   ",
                      size: "MEDIUM"
                    ),
                    #"SYSTEM_SYSRULES_richTextIcon"(
                      icon: "MINUS",
                      link: #"SYSTEM_SYSRULES_dynamicLink"(
                        label: "-",
                        saveInto: {
                          if(
                            or(
                              isnull(
                                local!items.highlighter
                              ),
                              local!items.highlighter = 0
                            ),
                            null,
                            a!save(
                              local!items.highlighter,
                              sum(
                                local!items.highlighter,
                                - 1
                              )
                            )
                          )
                        }
                      )
                    )
                  }
                ),
                #"SYSTEM_SYSRULES_linkField"(
                  label: "Link",
                  labelPosition: "ABOVE",
                  links: {
                    #"SYSTEM_SYSRULES_dynamicLink"(
                      label: "Remove from Cart",
                      saveInto: a!save(
                        local!items.highlighter,
                        0
                      ),
                      showWhen: and(
                        {
                          not(
                            isnull(
                              local!items.highlighter
                            )
                          ),
                          local!items.highlighter &gt; 0
                        }
                      )
                    )
                  }
                )
              }
            ),
            #"SYSTEM_SYSRULES_gridRowLayout"(
              contents: {
                #"SYSTEM_SYSRULES_integerField"(
                  label: "Integer",
                  labelPosition: "ABOVE",
                  value: 7,
                  saveInto: {},
                  refreshAfter: "UNFOCUS",
                  readonly: true,
                  validations: {}
                ),
                #"SYSTEM_SYSRULES_textField"(
                  label: "Text",
                  labelPosition: "ABOVE",
                  value: #"_a-0000e229-815f-8000-9ba2-011c48011c48_112145"[7],
                  saveInto: {},
                  refreshAfter: "UNFOCUS",
                  readonly: true,
                  validations: {}
                ),
                #"SYSTEM_SYSRULES_imageField_v1"(
                  label: "Image",
                  labelPosition: "ABOVE",
                  images: {
                    #"SYSTEM_SYSRULES_documentImage"(
                      document: 11364
                    )
                  },
                  size: "TINY",
                  isThumbnail: false,
                  style: "STANDARD",
                  align: "START"
                ),
                #"SYSTEM_SYSRULES_floatingPointField"(
                  label: "Decimal",
                  labelPosition: "ABOVE",
                  value: #"_a-0000e229-815f-8000-9ba2-011c48011c48_112681"[7],
                  saveInto: {},
                  refreshAfter: "UNFOCUS",
                  readonly: true,
                  validations: {}
                ),
                #"SYSTEM_SYSRULES_richTextDisplayField"(
                  value: {
                    #"SYSTEM_SYSRULES_richTextIcon"(
                      icon: "PLUS",
                      link: #"SYSTEM_SYSRULES_dynamicLink"(
                        saveInto: {
                          a!save(
                            local!items.postItNote,
                            sum(
                              if(
                                isnull(
                                  local!items.postItNote
                                ),
                                local!items.postItNote: 0,
                                local!items.postItNote
                              ),
                              1
                            )
                          )
                        }
                      )
                    ),
                    #"SYSTEM_SYSRULES_richTextItem_v1"(
                      text: "   " &amp; if(
                        isnull(
                          local!items.postItNote
                        ),
                        0,
                        local!items.postItNote
                      ) &amp; "   ",
                      size: "MEDIUM"
                    ),
                    #"SYSTEM_SYSRULES_richTextIcon"(
                      icon: "MINUS",
                      link: #"SYSTEM_SYSRULES_dynamicLink"(
                        label: "-",
                        saveInto: {
                          if(
                            or(
                              isnull(
                                local!items.postItNote
                              ),
                              local!items.postItNote = 0
                            ),
                            null,
                            a!save(
                              local!items.postItNote,
                              sum(
                                local!items.postItNote,
                                - 1
                              )
                            )
                          )
                        }
                      )
                    )
                  }
                ),
                #"SYSTEM_SYSRULES_linkField"(
                  label: "Link",
                  labelPosition: "ABOVE",
                  links: {
                    #"SYSTEM_SYSRULES_dynamicLink"(
                      label: "Remove from Cart",
                      saveInto: a!save(
                        local!items.postItNote,
                        0
                      ),
                      showWhen: and(
                        {
                          not(
                            isnull(
                              local!items.postItNote
                            )
                          ),
                          local!items.postItNote &gt; 0
                        }
                      )
                    )
                  }
                )
              }
            )
          },
          selectionSaveInto: {},
          validations: {},
          shadeAlternateRows: true
        ),
        #"SYSTEM_SYSRULES_gridLayout"(
          label: "Items in cart",
          labelPosition: "ABOVE",
          headerCells: {
            #"SYSTEM_SYSRULES_gridLayoutHeaderCell"(
              label: "Item"
            ),
            #"SYSTEM_SYSRULES_gridLayoutHeaderCell"(
              label: "Quantity"
            ),
            #"SYSTEM_SYSRULES_gridLayoutHeaderCell"(
              label: "Total price"
            )
          },
          columnConfigs: {
            #"SYSTEM_SYSRULES_gridLayoutColumnConfig"(
              width: "DISTRIBUTE",
              weight: 2
            ),
            #"SYSTEM_SYSRULES_gridLayoutColumnConfig"(
              width: "DISTRIBUTE"
            ),
            #"SYSTEM_SYSRULES_gridLayoutColumnConfig"(
              width: "DISTRIBUTE"
            )
          },
          rows: {
            #"SYSTEM_SYSRULES_gridRowLayout"(
              id: "wb_1",
              contents: {
                #"SYSTEM_SYSRULES_textField"(
                  label: "Text",
                  labelPosition: "ABOVE",
                  value: #"_a-0000e229-815f-8000-9ba2-011c48011c48_112145"[1],
                  saveInto: {},
                  refreshAfter: "UNFOCUS",
                  readonly: true,
                  validations: {}
                ),
                #"SYSTEM_SYSRULES_integerField"(
                  label: "Integer",
                  labelPosition: "ABOVE",
                  value: local!items.whiteboard,
                  saveInto: local!items.whiteboard,
                  refreshAfter: "UNFOCUS",
                  readonly: true,
                  validations: {}
                ),
                #"SYSTEM_SYSRULES_floatingPointField"(
                  label: "Decimal",
                  labelPosition: "ABOVE",
                  value: product(
                    #"_a-0000e229-815f-8000-9ba2-011c48011c48_112681"[1],
                    if(
                      isnull(
                        local!items.whiteboard
                      ),
                      0,
                      local!items.whiteboard
                    )
                  ),
                  saveInto: {},
                  refreshAfter: "UNFOCUS",
                  readonly: true,
                  validations: {}
                )
              },
              showwhen: and(
                {
                  not(
                    isnull(
                      local!items.whiteboard
                    )
                  ),
                  (
                    local!items.whiteboard &gt; 0
                  )
                }
              )
            ),
            #"SYSTEM_SYSRULES_gridRowLayout"(
              id: "fcp_2",
              contents: {
                #"SYSTEM_SYSRULES_textField"(
                  label: "Text",
                  labelPosition: "ABOVE",
                  value: #"_a-0000e229-815f-8000-9ba2-011c48011c48_112145"[2],
                  saveInto: {},
                  refreshAfter: "UNFOCUS",
                  readonly: true,
                  validations: {}
                ),
                #"SYSTEM_SYSRULES_integerField"(
                  label: "Integer",
                  labelPosition: "ABOVE",
                  value: local!items.flipChartPaper,
                  saveInto: local!items.flipChartPaper,
                  refreshAfter: "UNFOCUS",
                  readonly: true,
                  validations: {}
                ),
                #"SYSTEM_SYSRULES_floatingPointField"(
                  label: "Decimal",
                  labelPosition: "ABOVE",
                  value: product(
                    #"_a-0000e229-815f-8000-9ba2-011c48011c48_112681"[2],
                    if(
                      isnull(
                        local!items.flipChartPaper
                      ),
                      0,
                      local!items.flipChartPaper
                    )
                  ),
                  saveInto: {},
                  refreshAfter: "UNFOCUS",
                  readonly: true,
                  validations: {}
                )
              },
              showwhen: and(
                {
                  not(
                    isnull(
                      local!items.flipChartPaper
                    )
                  ),
                  (
                    local!items.flipChartPaper &gt; 0
                  )
                }
              )
            ),
            #"SYSTEM_SYSRULES_gridRowLayout"(
              id: "mk_3",
              contents: {
                #"SYSTEM_SYSRULES_textField"(
                  label: "Text",
                  labelPosition: "ABOVE",
                  value: #"_a-0000e229-815f-8000-9ba2-011c48011c48_112145"[3],
                  saveInto: {},
                  refreshAfter: "UNFOCUS",
                  readonly: true,
                  validations: {}
                ),
                #"SYSTEM_SYSRULES_integerField"(
                  label: "Integer",
                  labelPosition: "ABOVE",
                  value: local!items.marker,
                  saveInto: local!items.marker,
                  refreshAfter: "UNFOCUS",
                  readonly: true,
                  validations: {}
                ),
                #"SYSTEM_SYSRULES_floatingPointField"(
                  label: "Decimal",
                  labelPosition: "ABOVE",
                  value: product(
                    #"_a-0000e229-815f-8000-9ba2-011c48011c48_112681"[3],
                    if(
                      isnull(
                        local!items.marker
                      ),
                      0,
                      local!items.marker
                    )
                  ),
                  saveInto: {},
                  refreshAfter: "UNFOCUS",
                  readonly: true,
                  validations: {}
                )
              },
              showwhen: and(
                {
                  not(
                    isnull(
                      local!items.marker
                    )
                  ),
                  (
                    local!items.marker &gt; 0
                  )
                }
              )
            ),
            #"SYSTEM_SYSRULES_gridRowLayout"(
              id: "np_4",
              contents: {
                #"SYSTEM_SYSRULES_textField"(
                  label: "Text",
                  labelPosition: "ABOVE",
                  value: #"_a-0000e229-815f-8000-9ba2-011c48011c48_112145"[4],
                  saveInto: {},
                  refreshAfter: "UNFOCUS",
                  readonly: true,
                  validations: {}
                ),
                #"SYSTEM_SYSRULES_integerField"(
                  label: "Integer",
                  labelPosition: "ABOVE",
                  value: local!items.notepad,
                  saveInto: local!items.notepad,
                  refreshAfter: "UNFOCUS",
                  readonly: true,
                  validations: {}
                ),
                #"SYSTEM_SYSRULES_floatingPointField"(
                  label: "Decimal",
                  labelPosition: "ABOVE",
                  value: product(
                    #"_a-0000e229-815f-8000-9ba2-011c48011c48_112681"[4],
                    if(
                      isnull(
                        local!items.notepad
                      ),
                      0,
                      local!items.notepad
                    )
                  ),
                  saveInto: {},
                  refreshAfter: "UNFOCUS",
                  readonly: true,
                  validations: {}
                )
              },
              showwhen: and(
                {
                  not(
                    isnull(
                      local!items.notepad
                    )
                  ),
                  (
                    local!items.notepad &gt; 0
                  )
                }
              )
            ),
            #"SYSTEM_SYSRULES_gridRowLayout"(
              id: "pn_5",
              contents: {
                #"SYSTEM_SYSRULES_textField"(
                  label: "Text",
                  labelPosition: "ABOVE",
                  value: #"_a-0000e229-815f-8000-9ba2-011c48011c48_112145"[5],
                  saveInto: {},
                  refreshAfter: "UNFOCUS",
                  readonly: true,
                  validations: {}
                ),
                #"SYSTEM_SYSRULES_integerField"(
                  label: "Integer",
                  labelPosition: "ABOVE",
                  value: local!items.pen,
                  saveInto: local!items.pen,
                  refreshAfter: "UNFOCUS",
                  readonly: true,
                  validations: {}
                ),
                #"SYSTEM_SYSRULES_floatingPointField"(
                  label: "Decimal",
                  labelPosition: "ABOVE",
                  value: product(
                    #"_a-0000e229-815f-8000-9ba2-011c48011c48_112681"[5],
                    if(
                      isnull(
                        local!items.pen
                      ),
                      0,
                      local!items.pen
                    )
                  ),
                  saveInto: {},
                  refreshAfter: "UNFOCUS",
                  readonly: true,
                  validations: {}
                )
              },
              showwhen: and(
                {
                  not(
                    isnull(
                      local!items.pen
                    )
                  ),
                  (
                    local!items.pen &gt; 0
                  )
                }
              )
            ),
            #"SYSTEM_SYSRULES_gridRowLayout"(
              id: "hl_6",
              contents: {
                #"SYSTEM_SYSRULES_textField"(
                  label: "Text",
                  labelPosition: "ABOVE",
                  value: #"_a-0000e229-815f-8000-9ba2-011c48011c48_112145"[6],
                  saveInto: {},
                  refreshAfter: "UNFOCUS",
                  readonly: true,
                  validations: {}
                ),
                #"SYSTEM_SYSRULES_integerField"(
                  label: "Integer",
                  labelPosition: "ABOVE",
                  value: local!items.highlighter,
                  saveInto: local!items.highlighter,
                  refreshAfter: "UNFOCUS",
                  readonly: true,
                  validations: {}
                ),
                #"SYSTEM_SYSRULES_floatingPointField"(
                  label: "Decimal",
                  labelPosition: "ABOVE",
                  value: product(
                    #"_a-0000e229-815f-8000-9ba2-011c48011c48_112681"[6],
                    if(
                      isnull(
                        local!items.highlighter
                      ),
                      0,
                      local!items.highlighter
                    )
                  ),
                  saveInto: {},
                  refreshAfter: "UNFOCUS",
                  readonly: true,
                  validations: {}
                )
              },
              showwhen: and(
                {
                  not(
                    isnull(
                      local!items.highlighter
                    )
                  ),
                  (
                    local!items.highlighter &gt; 0
                  )
                }
              )
            ),
            #"SYSTEM_SYSRULES_gridRowLayout"(
              id: "pin_7",
              contents: {
                #"SYSTEM_SYSRULES_textField"(
                  label: "Text",
                  labelPosition: "ABOVE",
                  value: #"_a-0000e229-815f-8000-9ba2-011c48011c48_112145"[7],
                  saveInto: {},
                  refreshAfter: "UNFOCUS",
                  readonly: true,
                  validations: {}
                ),
                #"SYSTEM_SYSRULES_integerField"(
                  label: "Integer",
                  labelPosition: "ABOVE",
                  value: local!items.postItNote,
                  saveInto: local!items.postItNote,
                  refreshAfter: "UNFOCUS",
                  readonly: true,
                  validations: {}
                ),
                #"SYSTEM_SYSRULES_floatingPointField"(
                  label: "Decimal",
                  labelPosition: "ABOVE",
                  value: product(
                    #"_a-0000e229-815f-8000-9ba2-011c48011c48_112681"[7],
                    if(
                      isnull(
                        local!items.postItNote
                      ),
                      0,
                      local!items.postItNote
                    )
                  ),
                  saveInto: {},
                  refreshAfter: "UNFOCUS",
                  readonly: true,
                  validations: {}
                )
              },
              showwhen: and(
                {
                  not(
                    isnull(
                      local!items.postItNote
                    )
                  ),
                  (
                    local!items.postItNote &gt; 0
                  )
                }
              )
            )
          },
          selectionValue: {},
          selectionSaveInto: {},
          validations: {},
          shadeAlternateRows: true,
          spacing: "DENSE",
          borderstyle: "LIGHT"
        ),
        #"SYSTEM_SYSRULES_columnsLayout"(
          columns: {
            #"SYSTEM_SYSRULES_columnLayout"(
              contents: {
                #"SYSTEM_SYSRULES_textField"(
                  label: "Grand total:",
                  labelPosition: "JUSTIFIED",
                  value: "Rs. " &amp; tostring(
                    #"_a-0000e229-815f-8000-9ba2-011c48011c48_138179"(
                      local!items
                    )
                  ),
                  refreshAfter: "UNFOCUS",
                  readonly: true,
                  validations: {},
                  align: "LEFT"
                )
              }
            ),
            #"SYSTEM_SYSRULES_columnLayout"(
              contents: {
                #"SYSTEM_SYSRULES_ButtonArrayLayout"(
                  buttons: {
                    #"SYSTEM_SYSRULES_ButtonWidget"(
                      label: "Place order",
                      saveinto: {
                        a!save(
                          ri!ri_cdt.orders.whiteboard,
                          local!items.whiteboard
                        ),
                        a!save(
                          ri!ri_cdt.orders.flipChartPaper,
                          local!items.flipChartPaper
                        ),
                        a!save(
                          ri!ri_cdt.orders.marker,
                          local!items.marker
                        ),
                        a!save(
                          ri!ri_cdt.orders.notepad,
                          local!items.notepad
                        ),
                        a!save(
                          ri!ri_cdt.orders.pen,
                          local!items.pen
                        ),
                        a!save(
                          ri!ri_cdt.orders.highlighter,
                          local!items.highlighter
                        ),
                        a!save(
                          ri!ri_cdt.orders.postItNote,
                          local!items.postItNote
                        ),
                        a!save(
                          ri!ri_cdt.total,
                          #"_a-0000e229-815f-8000-9ba2-011c48011c48_138179"(
                            local!items
                          )
                        ),
                        a!save(
                          ri!ri_cdt.employee,
                          tostring(
                            loggedInUser()
                          )
                        ),
                        a!save(
                          ri!submit,
                          true
                        )
                      },
                      submit: true,
                      style: "PRIMARY"
                    )
                  },
                  align: "END",
                  marginbelow: "STANDARD"
                )
              }
            )
          }
        )
      }
    )
  )
}</definition>
        <namedTypedValue>
            <name>ri_cdt</name>
            <type>
                <name>OSMA_cdt</name>
                <namespace>urn:com:appian:types</namespace>
            </type>
        </namedTypedValue>
        <namedTypedValue>
            <name>ri_cdt3</name>
            <type>
                <name>OSMA_cdt3</name>
                <namespace>urn:com:appian:types</namespace>
            </type>
        </namedTypedValue>
        <namedTypedValue>
            <name>submit</name>
            <type>
                <name>boolean</name>
                <namespace>http://www.w3.org/2001/XMLSchema</namespace>
            </type>
        </namedTypedValue>
        <preferredEditor>interface</preferredEditor>
        <offlineEnabled>false</offlineEnabled>
    </rule>
    <roleMap public="true">
        <role inherit="true" allowForAll="false" name="readers">
            <users/>
            <groups/>
        </role>
        <role inherit="true" allowForAll="false" name="authors">
            <users/>
            <groups/>
        </role>
        <role inherit="true" allowForAll="false" name="administrators">
            <users/>
            <groups/>
        </role>
        <role inherit="false" allowForAll="false" name="denyReaders">
            <users/>
            <groups/>
        </role>
        <role inherit="false" allowForAll="false" name="denyAuthors">
            <users/>
            <groups/>
        </role>
        <role inherit="false" allowForAll="false" name="denyAdministrators">
            <users/>
            <groups/>
        </role>
    </roleMap>
    <history>
        <historyInfo versionUuid="_a-0000e229-815f-8000-9ba2-011c48011c48_154960"/>
    </history>
</contentHaul>
