<?xml version="1.0" encoding="UTF-8" standalone="yes"?>
<contentHaul xmlns:a="http://www.appian.com/ae/types/2009">
    <versionUuid>_a-0000e229-815f-8000-9ba2-011c48011c48_154708</versionUuid>
    <rule>
        <name>OSMA_set_prices</name>
        <uuid>_a-0000e229-815f-8000-9ba2-011c48011c48_112634</uuid>
        <description>where office staff will set the prices of the items.</description>
        <parentUuid>_a-0000e229-815f-8000-9ba2-011c48011c48_110063</parentUuid>
        <visibility>
            <advertise>false</advertise>
            <hierarchy>true</hierarchy>
            <indexable>true</indexable>
            <quota>false</quota>
            <searchable>true</searchable>
            <system>false</system>
            <unlogged>false</unlogged>
        </visibility>
        <definition>{
  #"SYSTEM_SYSRULES_gridLayout"(
    label: "Set Prices:",
    labelPosition: "ABOVE",
    headerCells: {
      #"SYSTEM_SYSRULES_gridLayoutHeaderCell"(
        label: "Item"
      ),
      #"SYSTEM_SYSRULES_gridLayoutHeaderCell"(
        label: "Price of Each"
      )
    },
    columnConfigs: {
      #"SYSTEM_SYSRULES_gridLayoutColumnConfig"(
        weight: 2
      ),
      #"SYSTEM_SYSRULES_gridLayoutColumnConfig"()
    },
    rows: {
      #"SYSTEM_SYSRULES_gridRowLayout"(
        contents: {
          #"SYSTEM_SYSRULES_textField"(
            label: "Text",
            labelPosition: "ABOVE",
            value: index(
              #"_a-0000e229-815f-8000-9ba2-011c48011c48_112145",
              1,
              null
            ),
            saveInto: {},
            refreshAfter: "KEYPRESS",
            readonly: true,
            validations: {}
          ),
          #"SYSTEM_SYSRULES_floatingPointField"(
            label: "Decimal",
            labelPosition: "ABOVE",
            value: ri!price[1],
            saveInto: ri!price[1],
            refreshAfter: "KEYPRESS",
            validations: {}
          )
        }
      ),
      #"SYSTEM_SYSRULES_gridRowLayout"(
        contents: {
          #"SYSTEM_SYSRULES_textField"(
            label: "Text",
            labelPosition: "ABOVE",
            value: index(
              #"_a-0000e229-815f-8000-9ba2-011c48011c48_112145",
              2,
              null
            ),
            saveInto: {},
            refreshAfter: "UNFOCUS",
            readonly: true,
            validations: {}
          ),
          #"SYSTEM_SYSRULES_floatingPointField"(
            label: "Decimal",
            labelPosition: "ABOVE",
            value: ri!price[2],
            saveInto: ri!price[2],
            refreshAfter: "KEYPRESS",
            validations: {}
          )
        }
      ),
      #"SYSTEM_SYSRULES_gridRowLayout"(
        contents: {
          #"SYSTEM_SYSRULES_textField"(
            label: "Text",
            labelPosition: "ABOVE",
            value: index(
              #"_a-0000e229-815f-8000-9ba2-011c48011c48_112145",
              3,
              null
            ),
            saveInto: {},
            refreshAfter: "KEYPRESS",
            readonly: true,
            validations: {}
          ),
          #"SYSTEM_SYSRULES_floatingPointField"(
            label: "Decimal",
            labelPosition: "ABOVE",
            value: ri!price[3],
            saveInto: ri!price[3],
            refreshAfter: "KEYPRESS",
            validations: {}
          )
        }
      ),
      #"SYSTEM_SYSRULES_gridRowLayout"(
        contents: {
          #"SYSTEM_SYSRULES_textField"(
            label: "Text",
            labelPosition: "ABOVE",
            value: index(
              #"_a-0000e229-815f-8000-9ba2-011c48011c48_112145",
              4,
              null
            ),
            saveInto: {},
            refreshAfter: "UNFOCUS",
            readonly: true,
            validations: {}
          ),
          #"SYSTEM_SYSRULES_floatingPointField"(
            label: "Decimal",
            labelPosition: "ABOVE",
            value: ri!price[4],
            saveInto: ri!price[4],
            refreshAfter: "KEYPRESS",
            validations: {}
          )
        }
      ),
      #"SYSTEM_SYSRULES_gridRowLayout"(
        contents: {
          #"SYSTEM_SYSRULES_textField"(
            label: "Text",
            labelPosition: "ABOVE",
            value: index(
              #"_a-0000e229-815f-8000-9ba2-011c48011c48_112145",
              5,
              null
            ),
            saveInto: {},
            refreshAfter: "KEYPRESS",
            readonly: true,
            validations: {}
          ),
          #"SYSTEM_SYSRULES_floatingPointField"(
            label: "Decimal",
            labelPosition: "ABOVE",
            value: ri!price[5],
            saveInto: ri!price[5],
            refreshAfter: "KEYPRESS",
            validations: {}
          )
        }
      ),
      #"SYSTEM_SYSRULES_gridRowLayout"(
        contents: {
          #"SYSTEM_SYSRULES_textField"(
            label: "Text",
            labelPosition: "ABOVE",
            value: index(
              #"_a-0000e229-815f-8000-9ba2-011c48011c48_112145",
              6,
              null
            ),
            saveInto: {},
            refreshAfter: "UNFOCUS",
            readonly: true,
            validations: {}
          ),
          #"SYSTEM_SYSRULES_floatingPointField"(
            label: "Decimal",
            labelPosition: "ABOVE",
            value: ri!price[6],
            saveInto: ri!price[6],
            refreshAfter: "KEYPRESS",
            validations: {}
          )
        }
      ),
      #"SYSTEM_SYSRULES_gridRowLayout"(
        contents: {
          #"SYSTEM_SYSRULES_textField"(
            label: "Text",
            labelPosition: "ABOVE",
            value: index(
              #"_a-0000e229-815f-8000-9ba2-011c48011c48_112145",
              7,
              null
            ),
            saveInto: {},
            refreshAfter: "UNFOCUS",
            readonly: true,
            validations: {}
          ),
          #"SYSTEM_SYSRULES_floatingPointField"(
            label: "Decimal",
            labelPosition: "ABOVE",
            value: ri!price[7],
            saveInto: ri!price[7],
            refreshAfter: "KEYPRESS",
            validations: {}
          )
        }
      )
    },
    selectionSaveInto: {},
    validations: {},
    shadeAlternateRows: true
  ),
  #"SYSTEM_SYSRULES_sectionLayout_v1"(
    label: "",
    contents: {
      #"SYSTEM_SYSRULES_ButtonArrayLayout"(
        buttons: {
          #"SYSTEM_SYSRULES_ButtonWidget"(
            label: "Submit",
            submit: true,
            style: "PRIMARY"
          )
        },
        align: "START"
      )
    }
  )
}</definition>
        <namedTypedValue>
            <name>price</name>
            <type>
                <name>Decimal?list</name>
                <namespace>http://www.appian.com/ae/types/2009</namespace>
            </type>
        </namedTypedValue>
        <preferredEditor>interface</preferredEditor>
        <offlineEnabled>false</offlineEnabled>
    </rule>
    <roleMap public="true">
        <role inherit="true" allowForAll="false" name="readers">
            <users/>
            <groups/>
        </role>
        <role inherit="true" allowForAll="false" name="authors">
            <users/>
            <groups/>
        </role>
        <role inherit="true" allowForAll="false" name="administrators">
            <users/>
            <groups/>
        </role>
        <role inherit="false" allowForAll="false" name="denyReaders">
            <users/>
            <groups/>
        </role>
        <role inherit="false" allowForAll="false" name="denyAuthors">
            <users/>
            <groups/>
        </role>
        <role inherit="false" allowForAll="false" name="denyAdministrators">
            <users/>
            <groups/>
        </role>
    </roleMap>
    <history>
        <historyInfo versionUuid="_a-0000e229-815f-8000-9ba2-011c48011c48_154708"/>
    </history>
</contentHaul>
