<?xml version="1.0" encoding="UTF-8" standalone="yes"?>
<contentHaul xmlns:a="http://www.appian.com/ae/types/2009">
    <versionUuid>_a-0000e229-815f-8000-9ba2-011c48011c48_144520</versionUuid>
    <rule>
        <name>OSMA_get_order_IDs_by_user</name>
        <uuid>_a-0000e229-815f-8000-9ba2-011c48011c48_144509</uuid>
        <description>To get the list of order IDs where username=user's name</description>
        <parentUuid>_a-0000e229-815f-8000-9ba2-011c48011c48_110051</parentUuid>
        <visibility>
            <advertise>false</advertise>
            <hierarchy>true</hierarchy>
            <indexable>true</indexable>
            <quota>false</quota>
            <searchable>true</searchable>
            <system>false</system>
            <unlogged>false</unlogged>
        </visibility>
        <definition>#"SYSTEM_SYSRULES_queryEntity_v1"(
  entity: #"_a-0000e229-815f-8000-9ba2-011c48011c48_110104",
  query: #"SYSTEM_SYSRULES_query"(
    selection: #"SYSTEM_SYSRULES_querySelection"(
      columns: #"SYSTEM_SYSRULES_queryColumn"(
        field: "orderID"
      )
    ),
    filter: #"SYSTEM_SYSRULES_queryFilter"(
      field: "employee",
      operator: "=",
      value: tostring(loggedInUser())
    ),
    pagingInfo: #"SYSTEM_SYSRULES_pagingInfo"(
      startIndex: 1,
      batchSize: - 1
    )
  ),
  fetchTotalCount: false
).data.orderID</definition>
        <preferredEditor>legacy</preferredEditor>
        <offlineEnabled>false</offlineEnabled>
    </rule>
    <roleMap public="true">
        <role inherit="true" allowForAll="false" name="readers">
            <users/>
            <groups/>
        </role>
        <role inherit="true" allowForAll="false" name="authors">
            <users/>
            <groups/>
        </role>
        <role inherit="true" allowForAll="false" name="administrators">
            <users/>
            <groups/>
        </role>
        <role inherit="false" allowForAll="false" name="denyReaders">
            <users/>
            <groups/>
        </role>
        <role inherit="false" allowForAll="false" name="denyAuthors">
            <users/>
            <groups/>
        </role>
        <role inherit="false" allowForAll="false" name="denyAdministrators">
            <users/>
            <groups/>
        </role>
    </roleMap>
    <history>
        <historyInfo versionUuid="_a-0000e229-815f-8000-9ba2-011c48011c48_144520"/>
    </history>
</contentHaul>
