<?xml version="1.0" encoding="UTF-8" standalone="yes"?>
<contentHaul xmlns:a="http://www.appian.com/ae/types/2009">
    <versionUuid>_a-0000e229-815f-8000-9ba2-011c48011c48_154692</versionUuid>
    <rule>
        <name>OSMA_monthly_usage</name>
        <uuid>_a-0000e229-815f-8000-9ba2-011c48011c48_145366</uuid>
        <description>Monthly budget usage of employees</description>
        <parentUuid>_a-0000e229-815f-8000-9ba2-011c48011c48_110063</parentUuid>
        <visibility>
            <advertise>false</advertise>
            <hierarchy>true</hierarchy>
            <indexable>true</indexable>
            <quota>false</quota>
            <searchable>true</searchable>
            <system>false</system>
            <unlogged>false</unlogged>
        </visibility>
        <definition>load(
  local!pagingInfo: #"SYSTEM_SYSRULES_pagingInfo"(
    startIndex: 1,
    batchSize: - 1,
    sort: #"SYSTEM_SYSRULES_sortInfo"(
      field: "employee",
      ascending: true
    )
  ),
  with(
    local!datasubset: #"SYSTEM_SYSRULES_queryEntity_v1"(
      entity: #"_a-0000e229-815f-8000-9ba2-011c48011c48_110104",
      query: #"SYSTEM_SYSRULES_query"(
        filter: #"SYSTEM_SYSRULES_queryFilter"(
          field: "osdelivered",
          operator: "=",
          value: true
        ),
        aggregation: #"SYSTEM_SYSRULES_queryAggregation"(
          aggregationColumns: {
            #"SYSTEM_SYSRULES_queryAggregationColumn"(
              field: "employee",
              isGrouping: true
            ),
            #"SYSTEM_SYSRULES_queryAggregationColumn"(
              field: "total",
              aggregationFunction: "SUM"
            ),
            
          }
        ),
        pagingInfo: local!pagingInfo
      ),
      fetchTotalCount: false
    ),
    local!datasubset2: #"SYSTEM_SYSRULES_queryEntity_v1"(
      entity: #"_a-0000e229-815f-8000-9ba2-011c48011c48_110104",
      query: #"SYSTEM_SYSRULES_query"(
        aggregation: #"SYSTEM_SYSRULES_queryAggregation"(
          aggregationColumns: {
            #"SYSTEM_SYSRULES_queryAggregationColumn"(
              field: "employee",
              isGrouping: true
            ),
            #"SYSTEM_SYSRULES_queryAggregationColumn"(
              field: "orderID",
              aggregationFunction: "COUNT"
            ),
            
          }
        ),
        pagingInfo: local!pagingInfo
      ),
      fetchTotalCount: false
    ),
    local!datasubset3: #"SYSTEM_SYSRULES_queryEntity_v1"(
      entity: #"_a-0000e229-815f-8000-9ba2-011c48011c48_110104",
      query: #"SYSTEM_SYSRULES_query"(
        aggregation: #"SYSTEM_SYSRULES_queryAggregation"(
          aggregationColumns: {
            #"SYSTEM_SYSRULES_queryAggregationColumn"(
              field: "osReceived",
              aggregationFunction: "COUNT"
            ),
            #"SYSTEM_SYSRULES_queryAggregationColumn"(
              field: "osdelivered",
              aggregationFunction: "COUNT"
            ),
            #"SYSTEM_SYSRULES_queryAggregationColumn"(
              field: "orderID",
              isGrouping: true
            ),
            
          }
        ),
        filter: #"SYSTEM_SYSRULES_queryFilter"(
          field: "ma",
          operator: "=",
          value: true
        ),
        pagingInfo: #"SYSTEM_SYSRULES_pagingInfo"(
          startIndex: 1,
          batchSize: - 1,
          sort: #"SYSTEM_SYSRULES_sortInfo"(
            field: "orderID",
            ascending: true
          )
        )
      )
    ),
    {
      #"SYSTEM_SYSRULES_columnsLayout"(
        columns: {
          #"SYSTEM_SYSRULES_columnLayout"(
            contents: {
              #"SYSTEM_SYSRULES_columnChartField"(
                label: "Employee-wise total Expenditure",
                labelposition: "ABOVE",
                categories: {
                  index(
                    local!datasubset.data,
                    "employee",
                    null
                  )
                },
                series: {
                  #"SYSTEM_SYSRULES_chartSeries"(
                    label: "Total Expenditure",
                    data: index(
                      local!datasubset.data,
                      "total",
                      null
                    )
                  )
                }
              )
            },
            showWhen: isusermemberofgroup(
              loggedInUser(),
              #"_a-0000e229-815f-8000-9ba2-011c48011c48_113597"
            )
          ),
          #"SYSTEM_SYSRULES_columnLayout"(
            contents: {
              #"SYSTEM_SYSRULES_barChartField"(
                label: "Number of orders per employee",
                labelPosition: "ABOVE",
                categories: {
                  index(
                    local!datasubset2.data,
                    "employee",
                    null
                  )
                },
                series: {
                  #"SYSTEM_SYSRULES_chartSeries"(
                    label: "Number of orders",
                    data: index(
                      local!datasubset2.data,
                      "orderID",
                      null
                    ),
                    color: "GOLD"
                  )
                },
                stacking: "NONE",
                showLegend: true,
                showTooltips: true
              )
            },
            showWhen: isusermemberofgroup(
              loggedInUser(),
              #"_a-0000e229-815f-8000-9ba2-011c48011c48_113597"
            )
          )
        }
      ),
      #"SYSTEM_SYSRULES_columnsLayout"(
        columns: {
          #"SYSTEM_SYSRULES_columnLayout"(
            contents: {
              load(
                local!pagingInfo: #"SYSTEM_SYSRULES_pagingInfo"(
                  startIndex: 1,
                  batchSize: 100,
                  sort: #"SYSTEM_SYSRULES_sortInfo"(
                    field: "orderID",
                    ascending: true
                  )
                ),
                with(
                  local!datasubset: #"SYSTEM_SYSRULES_queryEntity_v1"(
                    entity: #"_a-0000e229-815f-8000-9ba2-011c48011c48_110104",
                    query: #"SYSTEM_SYSRULES_query"(
                      filter: #"SYSTEM_SYSRULES_queryFilter"(
                        field: "ma",
                        operator: "=",
                        value: true()
                      ),
                      aggregation: #"SYSTEM_SYSRULES_queryAggregation"(
                        aggregationColumns: {
                          #"SYSTEM_SYSRULES_queryAggregationColumn"(
                            field: "orderID",
                            isGrouping: true
                          ),
                          #"SYSTEM_SYSRULES_queryAggregationColumn"(
                            field: "osReceived",
                            isGrouping: true
                          ),
                          #"SYSTEM_SYSRULES_queryAggregationColumn"(
                            field: "osdelivered",
                            isGrouping: true
                          )
                        }
                      ),
                      pagingInfo: local!pagingInfo
                    ),
                    fetchTotalCount: true
                  ),
                  {
                    #"SYSTEM_SYSRULES_gridField"(
                      label: "Order Delivery Status",
                      totalCount: local!datasubset.totalCount,
                      columns: {
                        #"SYSTEM_SYSRULES_gridTextColumn"(
                          label: "Order ID",
                          field: "orderID",
                          data: index(
                            local!dataSubset.data,
                            "orderID",
                            null
                          )
                        ),
                        #"SYSTEM_SYSRULES_gridTextColumn"(
                          label: "Placed By",
                          field: "employee",
                          data: #"SYSTEM_SYSRULES_forEach"(
                            items: local!dataSubset.data.orderID,
                            expression: #"_a-0000e229-815f-8000-9ba2-011c48011c48_112104"(
                              fv!item
                            ).employee
                          )
                        ),
                        #"SYSTEM_SYSRULES_gridTextColumn"(
                          label: "Approved By",
                          field: "employee",
                          data: #"SYSTEM_SYSRULES_forEach"(
                            items: local!dataSubset.data.orderID,
                            expression: #"_a-0000e229-815f-8000-9ba2-011c48011c48_112104"(
                              fv!item
                            ).manager
                          )
                        ),
                        #"SYSTEM_SYSRULES_gridTextColumn"(
                          label: "Arrived",
                          field: "osReceived",
                          data: if(
                            index(
                              local!dataSubset.data,
                              "osReceived",
                              null
                            ),
                            "Yes",
                            "No"
                          )
                        ),
                        #"SYSTEM_SYSRULES_gridTextColumn"(
                          label: "Delivered",
                          field: "osdelivered",
                          data: if(
                            index(
                              local!dataSubset.data,
                              "osdelivered",
                              null
                            ),
                            "Yes",
                            "No"
                          )
                        )
                      },
                      value: local!pagingInfo,
                      saveInto: local!pagingInfo
                    )
                  }
                )
              )
            },
            showWhen: isusermemberofgroup(
              loggedInUser(),
              #"_a-0000e229-815f-8000-9ba2-011c48011c48_113604"
            )
          ),
          #"SYSTEM_SYSRULES_columnLayout"(
            contents: {
              load(
                local!pagingInfo: #"SYSTEM_SYSRULES_pagingInfo"(
                  startIndex: 1,
                  batchSize: - 1,
                  sort: #"SYSTEM_SYSRULES_sortInfo"(
                    field: "orderID",
                    ascending: true
                  )
                ),
                with(
                  local!selection,
                  local!datasubset: #"SYSTEM_SYSRULES_queryEntity_v1"(
                    entity: #"_a-0000e229-815f-8000-9ba2-011c48011c48_110104",
                    query: #"SYSTEM_SYSRULES_query"(
                      filter: #"SYSTEM_SYSRULES_queryFilter"(
                        field: "employee",
                        operator: "=",
                        value: tostring(
                          loggedInUser()
                        )
                      ),
                      aggregation: #"SYSTEM_SYSRULES_queryAggregation"(
                        aggregationColumns: {
                          #"SYSTEM_SYSRULES_queryAggregationColumn"(
                            field: "orderID",
                            aggregationFunction: "COUNT"
                          ),
                          #"SYSTEM_SYSRULES_queryAggregationColumn"(
                            field: "ma",
                            isGrouping: true
                          ),
                          
                        }
                      ),
                      pagingInfo: local!pagingInfo
                    ),
                    fetchTotalCount: true
                  ),
                  {
                    #"SYSTEM_SYSRULES_pieChartField"(
                      label: "Approved vs Rejected vs Pending Orders",
                      series: {
                        #"SYSTEM_SYSRULES_forEach"(
                          items: local!datasubset,
                          expression: #"SYSTEM_SYSRULES_chartSeries"(
                            label: if(
                              index(
                                fv!item,
                                "ma",
                                null
                              ),
                              "Approved",
                              if(
                                isnull(
                                  index(
                                    fv!item,
                                    "ma",
                                    null
                                  )
                                ),
                                "Pending",
                                "Rejected"
                              )
                            ),
                            data: index(
                              fv!item,
                              "orderID",
                              null
                            )
                          )
                        )
                      },
                      showAsPercentage: true
                    )
                  }
                )
              )
            },
            showWhen: isusermemberofgroup(
              loggedInUser(),
              #"_a-0000e229-815f-8000-9ba2-011c48011c48_113591"
            )
          )
        }
      )
    }
  )
)</definition>
        <preferredEditor>interface</preferredEditor>
        <offlineEnabled>false</offlineEnabled>
    </rule>
    <roleMap public="true">
        <role inherit="true" allowForAll="false" name="readers">
            <users/>
            <groups/>
        </role>
        <role inherit="true" allowForAll="false" name="authors">
            <users/>
            <groups/>
        </role>
        <role inherit="true" allowForAll="false" name="administrators">
            <users/>
            <groups/>
        </role>
        <role inherit="false" allowForAll="false" name="denyReaders">
            <users/>
            <groups/>
        </role>
        <role inherit="false" allowForAll="false" name="denyAuthors">
            <users/>
            <groups/>
        </role>
        <role inherit="false" allowForAll="false" name="denyAdministrators">
            <users/>
            <groups/>
        </role>
    </roleMap>
    <history>
        <historyInfo versionUuid="_a-0000e229-815f-8000-9ba2-011c48011c48_154692"/>
    </history>
</contentHaul>
