<?xml version="1.0" encoding="UTF-8" standalone="yes"?>
<contentHaul xmlns:a="http://www.appian.com/ae/types/2009">
    <versionUuid>_a-0000e229-815f-8000-9ba2-011c48011c48_154788</versionUuid>
    <rule>
        <name>OSMA_track_order</name>
        <uuid>_a-0000e229-815f-8000-9ba2-011c48011c48_142780</uuid>
        <description>for employees to track their order status</description>
        <parentUuid>_a-0000e229-815f-8000-9ba2-011c48011c48_110063</parentUuid>
        <visibility>
            <advertise>false</advertise>
            <hierarchy>true</hierarchy>
            <indexable>true</indexable>
            <quota>false</quota>
            <searchable>true</searchable>
            <system>false</system>
            <unlogged>false</unlogged>
        </visibility>
        <definition>{
  load(
    local!id,
    #"SYSTEM_SYSRULES_sectionLayout_v1"(
      label: "",
      contents: {
        with(
          local!cdt: #"_a-0000e229-815f-8000-9ba2-011c48011c48_112104"(
            local!id
          ),
          #"SYSTEM_SYSRULES_columnsLayout"(
            columns: {
              #"SYSTEM_SYSRULES_columnLayout"(
                contents: {
                  #"SYSTEM_SYSRULES_dropdownField"(
                    label: "Pick your order:",
                    labelPosition: "ABOVE",
                    placeholderLabel: "--- Select an order ID ---",
                    choiceLabels: #"SYSTEM_SYSRULES_forEach"(
                      items: #"_a-0000e229-815f-8000-9ba2-011c48011c48_144509"(),
                      expression: tostring(
                        fv!item
                      ) &amp; "     (placed on     " &amp; tostring(
                        #"_a-0000e229-815f-8000-9ba2-011c48011c48_154162"[(
                          month(
                            #"_a-0000e229-815f-8000-9ba2-011c48011c48_112104"(
                              fv!item
                            ).date
                          )
                        )] &amp; " " &amp; tostring(
                          day(
                            #"_a-0000e229-815f-8000-9ba2-011c48011c48_112104"(
                              fv!item
                            ).date
                          )
                        ) &amp; ", " &amp; tostring(
                          year(
                            #"_a-0000e229-815f-8000-9ba2-011c48011c48_112104"(
                              fv!item
                            ).date
                          )
                        ) &amp; ")"
                      )
                    ),
                    choiceValues: #"_a-0000e229-815f-8000-9ba2-011c48011c48_144509"(),
                    value: local!id,
                    saveInto: local!id,
                    validations: {}
                  ),
                  #"SYSTEM_SYSRULES_ButtonArrayLayout"(
                    buttons: {
                      #"SYSTEM_SYSRULES_ButtonWidget"(
                        label: "DELETE ORDER",
                        value: ri!issubmit,
                        saveinto: {
                          a!save(
                            ri!issubmit,
                            true()
                          ),
                          a!save(
                            ri!orderid,
                            local!id
                          )
                        },
                        submit: true,
                        showwhen: and(
                          not(
                            local!cdt.ma = true
                          ),
                          not(
                            isnull(
                              local!id
                            )
                          )
                        ),
                        style: "DESTRUCTIVE"
                      )
                    },
                    align: "START"
                  )
                }
              ),
              #"SYSTEM_SYSRULES_columnLayout"(
                contents: {
                  #"SYSTEM_SYSRULES_gridLayout"(
                    label: "",
                    labelPosition: "ABOVE",
                    headerCells: {
                      #"SYSTEM_SYSRULES_gridLayoutHeaderCell"(
                        label: "Item",
                        align: "CENTER"
                      ),
                      #"SYSTEM_SYSRULES_gridLayoutHeaderCell"(
                        label: "Quantity",
                        align: "CENTER"
                      )
                    },
                    columnConfigs: {
                      #"SYSTEM_SYSRULES_gridLayoutColumnConfig"(
                        width: "DISTRIBUTE",
                        weight: 2
                      ),
                      #"SYSTEM_SYSRULES_gridLayoutColumnConfig"(
                        width: "DISTRIBUTE"
                      )
                    },
                    rows: {
                      #"SYSTEM_SYSRULES_gridRowLayout"(
                        id: "wb_1",
                        contents: {
                          #"SYSTEM_SYSRULES_textField"(
                            label: "Text",
                            labelPosition: "ABOVE",
                            value: #"_a-0000e229-815f-8000-9ba2-011c48011c48_112145"[1],
                            saveInto: {},
                            refreshAfter: "UNFOCUS",
                            readonly: true,
                            validations: {},
                            align: "CENTER"
                          ),
                          #"SYSTEM_SYSRULES_integerField"(
                            label: "Integer",
                            labelPosition: "ABOVE",
                            value: local!cdt.orders.whiteboard,
                            saveInto: local!cdt.orders.whiteboard,
                            refreshAfter: "UNFOCUS",
                            readonly: true,
                            validations: {},
                            align: "CENTER"
                          )
                        },
                        showwhen: and(
                          {
                            not(
                              isnull(
                                local!cdt.orders.whiteboard
                              )
                            ),
                            (
                              local!cdt.orders.whiteboard &gt; 0
                            )
                          }
                        )
                      ),
                      #"SYSTEM_SYSRULES_gridRowLayout"(
                        id: "fcp_2",
                        contents: {
                          #"SYSTEM_SYSRULES_textField"(
                            label: "Text",
                            labelPosition: "ABOVE",
                            value: #"_a-0000e229-815f-8000-9ba2-011c48011c48_112145"[2],
                            saveInto: {},
                            refreshAfter: "UNFOCUS",
                            readonly: true,
                            validations: {},
                            align: "CENTER"
                          ),
                          #"SYSTEM_SYSRULES_integerField"(
                            label: "Integer",
                            labelPosition: "ABOVE",
                            value: local!cdt.orders.flipChartPaper,
                            saveInto: local!cdt.orders.flipChartPaper,
                            refreshAfter: "UNFOCUS",
                            readonly: true,
                            validations: {},
                            align: "CENTER"
                          )
                        },
                        showwhen: and(
                          {
                            not(
                              isnull(
                                local!cdt.orders.flipChartPaper
                              )
                            ),
                            (
                              local!cdt.orders.flipChartPaper &gt; 0
                            )
                          }
                        )
                      ),
                      #"SYSTEM_SYSRULES_gridRowLayout"(
                        id: "mk_3",
                        contents: {
                          #"SYSTEM_SYSRULES_textField"(
                            label: "Text",
                            labelPosition: "ABOVE",
                            value: #"_a-0000e229-815f-8000-9ba2-011c48011c48_112145"[3],
                            saveInto: {},
                            refreshAfter: "UNFOCUS",
                            readonly: true,
                            validations: {},
                            align: "CENTER"
                          ),
                          #"SYSTEM_SYSRULES_integerField"(
                            label: "Integer",
                            labelPosition: "ABOVE",
                            value: local!cdt.orders.marker,
                            saveInto: local!cdt.orders.marker,
                            refreshAfter: "UNFOCUS",
                            readonly: true,
                            validations: {},
                            align: "CENTER"
                          )
                        },
                        showwhen: and(
                          {
                            not(
                              isnull(
                                local!cdt.orders.marker
                              )
                            ),
                            (
                              local!cdt.orders.marker &gt; 0
                            )
                          }
                        )
                      ),
                      #"SYSTEM_SYSRULES_gridRowLayout"(
                        id: "np_4",
                        contents: {
                          #"SYSTEM_SYSRULES_textField"(
                            label: "Text",
                            labelPosition: "ABOVE",
                            value: #"_a-0000e229-815f-8000-9ba2-011c48011c48_112145"[4],
                            saveInto: {},
                            refreshAfter: "UNFOCUS",
                            readonly: true,
                            validations: {},
                            align: "CENTER"
                          ),
                          #"SYSTEM_SYSRULES_integerField"(
                            label: "Integer",
                            labelPosition: "ABOVE",
                            value: local!cdt.orders.notepad,
                            saveInto: local!cdt.orders.notepad,
                            refreshAfter: "UNFOCUS",
                            readonly: true,
                            validations: {},
                            align: "CENTER"
                          )
                        },
                        showwhen: and(
                          {
                            not(
                              isnull(
                                local!cdt.orders.notepad
                              )
                            ),
                            (
                              local!cdt.orders.notepad &gt; 0
                            )
                          }
                        )
                      ),
                      #"SYSTEM_SYSRULES_gridRowLayout"(
                        id: "pn_5",
                        contents: {
                          #"SYSTEM_SYSRULES_textField"(
                            label: "Text",
                            labelPosition: "ABOVE",
                            value: #"_a-0000e229-815f-8000-9ba2-011c48011c48_112145"[5],
                            saveInto: {},
                            refreshAfter: "UNFOCUS",
                            readonly: true,
                            validations: {},
                            align: "CENTER"
                          ),
                          #"SYSTEM_SYSRULES_integerField"(
                            label: "Integer",
                            labelPosition: "ABOVE",
                            value: local!cdt.orders.pen,
                            saveInto: local!cdt.orders.pen,
                            refreshAfter: "UNFOCUS",
                            readonly: true,
                            validations: {},
                            align: "CENTER"
                          )
                        },
                        showwhen: and(
                          {
                            not(
                              isnull(
                                local!cdt.orders.pen
                              )
                            ),
                            (
                              local!cdt.orders.pen &gt; 0
                            )
                          }
                        )
                      ),
                      #"SYSTEM_SYSRULES_gridRowLayout"(
                        id: "hl_6",
                        contents: {
                          #"SYSTEM_SYSRULES_textField"(
                            label: "Text",
                            labelPosition: "ABOVE",
                            value: #"_a-0000e229-815f-8000-9ba2-011c48011c48_112145"[6],
                            saveInto: {},
                            refreshAfter: "UNFOCUS",
                            readonly: true,
                            validations: {},
                            align: "CENTER"
                          ),
                          #"SYSTEM_SYSRULES_integerField"(
                            label: "Integer",
                            labelPosition: "ABOVE",
                            value: local!cdt.orders.highlighter,
                            saveInto: local!cdt.orders.highlighter,
                            refreshAfter: "UNFOCUS",
                            readonly: true,
                            validations: {},
                            align: "CENTER"
                          )
                        },
                        showwhen: and(
                          {
                            not(
                              isnull(
                                local!cdt.orders.highlighter
                              )
                            ),
                            (
                              local!cdt.orders.highlighter &gt; 0
                            )
                          }
                        )
                      ),
                      #"SYSTEM_SYSRULES_gridRowLayout"(
                        id: "pin_7",
                        contents: {
                          #"SYSTEM_SYSRULES_textField"(
                            label: "Text",
                            labelPosition: "ABOVE",
                            value: #"_a-0000e229-815f-8000-9ba2-011c48011c48_112145"[7],
                            saveInto: {},
                            refreshAfter: "UNFOCUS",
                            readonly: true,
                            validations: {},
                            align: "CENTER"
                          ),
                          #"SYSTEM_SYSRULES_integerField"(
                            label: "Integer",
                            labelPosition: "ABOVE",
                            value: local!cdt.orders.postItNote,
                            saveInto: local!cdt.orders.postItNote,
                            refreshAfter: "UNFOCUS",
                            readonly: true,
                            validations: {},
                            align: "CENTER"
                          )
                        },
                        showwhen: and(
                          {
                            not(
                              isnull(
                                local!cdt.orders.postItNote
                              )
                            ),
                            (
                              local!cdt.orders.postItNote &gt; 0
                            )
                          }
                        )
                      )
                    },
                    selectionValue: {},
                    selectionSaveInto: {},
                    showWhen: not(
                      isnull(
                        local!id
                      )
                    ),
                    validations: {},
                    shadeAlternateRows: true
                  ),
                  #"SYSTEM_SYSRULES_floatingPointField"(
                    label: "Total (Rs.)",
                    labelPosition: "ADJACENT",
                    value: local!cdt.total,
                    saveInto: {},
                    refreshAfter: "UNFOCUS",
                    showWhen: not(
                      isnull(
                        local!id
                      )
                    ),
                    readonly: true,
                    validations: {},
                    align: "CENTER"
                  )
                }
              ),
              #"SYSTEM_SYSRULES_columnLayout"(
                contents: {
                  #"SYSTEM_SYSRULES_milestoneField"(
                    label: "Order Status",
                    labelPosition: "ABOVE",
                    steps: {
                      "Order Placed",
                      if(
                        isnull(
                          local!cdt.ma
                        ),
                        "Manager's Approval Pending",
                        if(
                          local!cdt.ma,
                          "Approved By Manager",
                          "Rejected By Manager"
                        )
                      ),
                      if(
                        isnull(
                          local!cdt.osReceived
                        ),
                        "Arrival Pending",
                        if(
                          local!cdt.osReceived,
                          if(
                            local!cdt.osDelivered,
                            "Delivered",
                            "Order Arrived"
                          ),
                          "Rejected"
                        )
                      )
                    },
                    links: {},
                    active: if(
                      isnull(
                        local!cdt.ma
                      ),
                      1,
                      if(
                        local!cdt.ma,
                        if(
                          isnull(
                            local!cdt.osReceived
                          ),
                          2,
                          if(
                            isnull(
                              local!cdt.osdelivered
                            ),
                            3,
                            - 1
                          )
                        ),
                        2
                      )
                    ),
                    showWhen: not(
                      isnull(
                        local!id
                      )
                    )
                  ),
                  #"SYSTEM_SYSRULES_paragraphField"(
                    label: "",
                    labelPosition: "ABOVE",
                    value: if(
                      and(
                        {
                          local!cdt.ma,
                          isnull(
                            local!cdt.osReceived
                          )
                        }
                      ),
                      local!cdt.mApproval,
                      if(
                        and(
                          {
                            local!cdt.osReceived,
                            isnull(
                              local!cdt.osDelivered
                            )
                          }
                        ),
                        "Your order has arrived. Please collect it from office.",
                        if(
                          and(
                            {
                              local!cdt.osReceived,
                              local!cdt.osDelivered
                            }
                          ),
                          "Your order has been delivered by " &amp; local!cdt.officeStaff,
                          local!cdt.mApproval
                        )
                      )
                    ),
                    saveInto: {},
                    refreshAfter: "UNFOCUS",
                    showWhen: not(
                      isnull(
                        local!id
                      )
                    ),
                    readonly: true,
                    height: "MEDIUM",
                    validations: {}
                  )
                }
              )
            }
          )
        )
      }
    )
  )
}</definition>
        <namedTypedValue>
            <name>issubmit</name>
            <type>
                <name>boolean</name>
                <namespace>http://www.w3.org/2001/XMLSchema</namespace>
            </type>
        </namedTypedValue>
        <namedTypedValue>
            <name>orderid</name>
            <type>
                <name>int</name>
                <namespace>http://www.w3.org/2001/XMLSchema</namespace>
            </type>
        </namedTypedValue>
        <preferredEditor>interface</preferredEditor>
        <offlineEnabled>false</offlineEnabled>
    </rule>
    <roleMap public="true">
        <role inherit="true" allowForAll="false" name="readers">
            <users/>
            <groups/>
        </role>
        <role inherit="true" allowForAll="false" name="authors">
            <users/>
            <groups/>
        </role>
        <role inherit="true" allowForAll="false" name="administrators">
            <users/>
            <groups/>
        </role>
        <role inherit="false" allowForAll="false" name="denyReaders">
            <users/>
            <groups/>
        </role>
        <role inherit="false" allowForAll="false" name="denyAuthors">
            <users/>
            <groups/>
        </role>
        <role inherit="false" allowForAll="false" name="denyAdministrators">
            <users/>
            <groups/>
        </role>
    </roleMap>
    <history>
        <historyInfo versionUuid="_a-0000e229-815f-8000-9ba2-011c48011c48_154788"/>
    </history>
</contentHaul>
