<?xml version="1.0" encoding="UTF-8" standalone="yes"?>
<contentHaul xmlns:a="http://www.appian.com/ae/types/2009">
    <versionUuid>_a-0000e229-815f-8000-9ba2-011c48011c48_138254</versionUuid>
    <rule>
        <name>OSMA_getTotal</name>
        <uuid>_a-0000e229-815f-8000-9ba2-011c48011c48_138179</uuid>
        <description>Get total amount from list of orders</description>
        <parentUuid>_a-0000e229-815f-8000-9ba2-011c48011c48_110051</parentUuid>
        <visibility>
            <advertise>false</advertise>
            <hierarchy>true</hierarchy>
            <indexable>true</indexable>
            <quota>false</quota>
            <searchable>true</searchable>
            <system>false</system>
            <unlogged>false</unlogged>
        </visibility>
        <definition>sum(
  product(
    if(isnull(ri!items.whiteboard),0,ri!items.whiteboard),
    #"_a-0000e229-815f-8000-9ba2-011c48011c48_112681"[1]
  ),
  product(
    if(isnull(ri!items.flipChartPaper),0,ri!items.flipChartPaper),
    #"_a-0000e229-815f-8000-9ba2-011c48011c48_112681"[2]
  ),
  product(
    if(isnull(ri!items.marker),0,ri!items.marker),
    #"_a-0000e229-815f-8000-9ba2-011c48011c48_112681"[3]
  ),
  product(
    if(isnull(ri!items.notepad),0,ri!items.notepad),
    #"_a-0000e229-815f-8000-9ba2-011c48011c48_112681"[4]
  ),
  product(
    if(isnull(ri!items.pen),0,ri!items.pen),
    #"_a-0000e229-815f-8000-9ba2-011c48011c48_112681"[5]
  ),
  product(
    if(isnull(ri!items.highlighter),0,ri!items.highlighter),
    #"_a-0000e229-815f-8000-9ba2-011c48011c48_112681"[6]
  ),
  product(
    if(isnull(ri!items.postItNote),0,ri!items.postItNote),
    #"_a-0000e229-815f-8000-9ba2-011c48011c48_112681"[7]
  )
)</definition>
        <namedTypedValue>
            <name>items</name>
            <type>
                <name>OSMA_cdt_2</name>
                <namespace>urn:com:appian:types</namespace>
            </type>
        </namedTypedValue>
        <preferredEditor>legacy</preferredEditor>
        <offlineEnabled>false</offlineEnabled>
    </rule>
    <roleMap public="true">
        <role inherit="true" allowForAll="false" name="readers">
            <users/>
            <groups/>
        </role>
        <role inherit="true" allowForAll="false" name="authors">
            <users/>
            <groups/>
        </role>
        <role inherit="true" allowForAll="false" name="administrators">
            <users/>
            <groups/>
        </role>
        <role inherit="false" allowForAll="false" name="denyReaders">
            <users/>
            <groups/>
        </role>
        <role inherit="false" allowForAll="false" name="denyAuthors">
            <users/>
            <groups/>
        </role>
        <role inherit="false" allowForAll="false" name="denyAdministrators">
            <users/>
            <groups/>
        </role>
    </roleMap>
    <history>
        <historyInfo versionUuid="_a-0000e229-815f-8000-9ba2-011c48011c48_138254"/>
    </history>
</contentHaul>
