<?xml version="1.0" encoding="UTF-8" standalone="yes"?>
<contentHaul xmlns:a="http://www.appian.com/ae/types/2009">
    <versionUuid>_a-0000e229-815f-8000-9ba2-011c48011c48_144356</versionUuid>
    <rule>
        <name>OSMA_getCDT3_id_by_user</name>
        <uuid>_a-0000e229-815f-8000-9ba2-011c48011c48_139289</uuid>
        <description>to get the employee ID by username</description>
        <parentUuid>_a-0000e229-815f-8000-9ba2-011c48011c48_110051</parentUuid>
        <visibility>
            <advertise>false</advertise>
            <hierarchy>true</hierarchy>
            <indexable>true</indexable>
            <quota>false</quota>
            <searchable>true</searchable>
            <system>false</system>
            <unlogged>false</unlogged>
        </visibility>
        <definition>index(
  #"SYSTEM_SYSRULES_queryEntity_v1"(
    entity: #"_a-0000e229-815f-8000-9ba2-011c48011c48_124148",
    query: #"SYSTEM_SYSRULES_query"(
      filter: #"SYSTEM_SYSRULES_queryFilter"(
        field: "Employee",
        operator: "=",
        value: ri!username
      ),
      pagingInfo: #"SYSTEM_SYSRULES_pagingInfo"(
        startIndex: 1,
        batchSize: 1
      )
    )
  ).data.EmployeeID,
  1,
  null
)</definition>
        <namedTypedValue>
            <name>username</name>
            <type>
                <name>string</name>
                <namespace>http://www.w3.org/2001/XMLSchema</namespace>
            </type>
            <value/>
        </namedTypedValue>
        <preferredEditor>legacy</preferredEditor>
        <offlineEnabled>false</offlineEnabled>
    </rule>
    <roleMap public="true">
        <role inherit="true" allowForAll="false" name="readers">
            <users/>
            <groups/>
        </role>
        <role inherit="true" allowForAll="false" name="authors">
            <users/>
            <groups/>
        </role>
        <role inherit="true" allowForAll="false" name="administrators">
            <users/>
            <groups/>
        </role>
        <role inherit="false" allowForAll="false" name="denyReaders">
            <users/>
            <groups/>
        </role>
        <role inherit="false" allowForAll="false" name="denyAuthors">
            <users/>
            <groups/>
        </role>
        <role inherit="false" allowForAll="false" name="denyAdministrators">
            <users/>
            <groups/>
        </role>
    </roleMap>
    <history>
        <historyInfo versionUuid="_a-0000e229-815f-8000-9ba2-011c48011c48_144356"/>
    </history>
</contentHaul>
