<?xml version="1.0" encoding="UTF-8" standalone="yes"?>
<contentHaul xmlns:a="http://www.appian.com/ae/types/2009">
    <versionUuid>_a-0000e229-815f-8000-9ba2-011c48011c48_154976</versionUuid>
    <rule>
        <name>OSMA_add_member</name>
        <uuid>_a-0000e229-815f-8000-9ba2-011c48011c48_124175</uuid>
        <description>Interface to add members to groups</description>
        <parentUuid>_a-0000e229-815f-8000-9ba2-011c48011c48_110063</parentUuid>
        <visibility>
            <advertise>false</advertise>
            <hierarchy>true</hierarchy>
            <indexable>true</indexable>
            <quota>false</quota>
            <searchable>true</searchable>
            <system>false</system>
            <unlogged>false</unlogged>
        </visibility>
        <definition>{
  #"SYSTEM_SYSRULES_sectionLayout_v1"(
    label: "Add New Member",
    contents: {
      load(
        local!choice,
        #"SYSTEM_SYSRULES_dropdownField"(
          label: "Member type:",
          labelPosition: "ADJACENT",
          placeholderLabel: "--- Select type ---",
          choiceLabels: {
            "Employee",
            "Manager",
            "Office Staff"
          },
          choiceValues: {
            1,
            2,
            3
          },
          value: local!choice,
          saveInto: {
            ri!typeVar,
            local!choice
          },
          validations: {}
        )
      ),
      #"SYSTEM_SYSRULES_pickerFieldUsers"(
        label: "Select User:",
        labelPosition: "ADJACENT",
        helptooltip: "Select user from the list ",
        placeholder: "---Not selected---",
        maxselections: 1,
        value: ri!member,
        saveInto: ri!member,
        showwhen: and(
          {
            not(
              isnull(
                ri!typeVar
              )
            ),
            ri!typeVar &lt;&gt; 0
          }
        ),
        validations: {}
      )
    }
  ),
  #"SYSTEM_SYSRULES_ButtonArrayLayout"(
    buttons: {
      #"SYSTEM_SYSRULES_ButtonWidget"(
        label: "Add Member",
        submit: true,
        showwhen: not(
          isnull(
            ri!member
          )
        ),
        style: "PRIMARY"
      )
    },
    align: "START"
  )
}</definition>
        <namedTypedValue>
            <name>member</name>
            <type>
                <name>string</name>
                <namespace>http://www.w3.org/2001/XMLSchema</namespace>
            </type>
            <value/>
        </namedTypedValue>
        <namedTypedValue>
            <name>typeVar</name>
            <type>
                <name>int</name>
                <namespace>http://www.w3.org/2001/XMLSchema</namespace>
            </type>
        </namedTypedValue>
        <preferredEditor>interface</preferredEditor>
        <offlineEnabled>false</offlineEnabled>
    </rule>
    <roleMap public="true">
        <role inherit="true" allowForAll="false" name="readers">
            <users/>
            <groups/>
        </role>
        <role inherit="true" allowForAll="false" name="authors">
            <users/>
            <groups/>
        </role>
        <role inherit="true" allowForAll="false" name="administrators">
            <users/>
            <groups/>
        </role>
        <role inherit="false" allowForAll="false" name="denyReaders">
            <users/>
            <groups/>
        </role>
        <role inherit="false" allowForAll="false" name="denyAuthors">
            <users/>
            <groups/>
        </role>
        <role inherit="false" allowForAll="false" name="denyAdministrators">
            <users/>
            <groups/>
        </role>
    </roleMap>
    <history>
        <historyInfo versionUuid="_a-0000e229-815f-8000-9ba2-011c48011c48_154976"/>
    </history>
</contentHaul>
