<?xml version="1.0" encoding="UTF-8" standalone="yes"?>
<contentHaul xmlns:a="http://www.appian.com/ae/types/2009">
    <versionUuid>_a-0000e229-815f-8000-9ba2-011c48011c48_124509</versionUuid>
    <rule>
        <name>OSMA_getCDT3_byID</name>
        <uuid>_a-0000e229-815f-8000-9ba2-011c48011c48_124387</uuid>
        <description>to get data for type cdt3 by employee ID</description>
        <parentUuid>_a-0000e229-815f-8000-9ba2-011c48011c48_110051</parentUuid>
        <visibility>
            <advertise>false</advertise>
            <hierarchy>true</hierarchy>
            <indexable>true</indexable>
            <quota>false</quota>
            <searchable>true</searchable>
            <system>false</system>
            <unlogged>false</unlogged>
        </visibility>
        <definition>cast(typeof('type!{urn:com:appian:types}OSMA_cdt3'()),
#"SYSTEM_SYSRULES_queryEntity_v1"(
  entity: #"_a-0000e229-815f-8000-9ba2-011c48011c48_124148",
  query: #"SYSTEM_SYSRULES_query"(
    pagingInfo: #"SYSTEM_SYSRULES_pagingInfo"(
      startIndex: 1,
      batchSize: -1
    ),
    filter: #"SYSTEM_SYSRULES_queryFilter"(
      field: "EmployeeID",
      operator: "=",
      value: ri!id,
      applyWhen: not(isnull(ri!id))
    )
  ),
  fetchTotalCount: false
).data
)</definition>
        <namedTypedValue>
            <name>id</name>
            <type>
                <name>int</name>
                <namespace>http://www.w3.org/2001/XMLSchema</namespace>
            </type>
        </namedTypedValue>
        <preferredEditor>legacy</preferredEditor>
        <offlineEnabled>false</offlineEnabled>
    </rule>
    <roleMap public="true">
        <role inherit="true" allowForAll="false" name="readers">
            <users/>
            <groups/>
        </role>
        <role inherit="true" allowForAll="false" name="authors">
            <users/>
            <groups/>
        </role>
        <role inherit="true" allowForAll="false" name="administrators">
            <users/>
            <groups/>
        </role>
        <role inherit="false" allowForAll="false" name="denyReaders">
            <users/>
            <groups/>
        </role>
        <role inherit="false" allowForAll="false" name="denyAuthors">
            <users/>
            <groups/>
        </role>
        <role inherit="false" allowForAll="false" name="denyAdministrators">
            <users/>
            <groups/>
        </role>
    </roleMap>
    <history>
        <historyInfo versionUuid="_a-0000e229-815f-8000-9ba2-011c48011c48_124509"/>
    </history>
</contentHaul>
