<?xml version="1.0" encoding="UTF-8" standalone="yes"?>
<contentHaul xmlns:a="http://www.appian.com/ae/types/2009">
    <versionUuid>_a-0000e229-815f-8000-9ba2-011c48011c48_154601</versionUuid>
    <rule>
        <name>OSMA_managers_approval</name>
        <uuid>_a-0000e229-815f-8000-9ba2-011c48011c48_142288</uuid>
        <description>interface from where manager will approve or reject order and office staff will update status</description>
        <parentUuid>_a-0000e229-815f-8000-9ba2-011c48011c48_110063</parentUuid>
        <visibility>
            <advertise>false</advertise>
            <hierarchy>true</hierarchy>
            <indexable>true</indexable>
            <quota>false</quota>
            <searchable>true</searchable>
            <system>false</system>
            <unlogged>false</unlogged>
        </visibility>
        <definition>{
  #"SYSTEM_SYSRULES_sectionLayout_v1"(
    label: "",
    contents: {
      #"SYSTEM_SYSRULES_columnsLayout"(
        columns: {
          #"SYSTEM_SYSRULES_columnLayout"(
            contents: {
              #"SYSTEM_SYSRULES_textField"(
                label: "Employee Name:",
                labelPosition: "ADJACENT",
                value: ri!ri_cdt.employee,
                saveInto: ri!ri_cdt.employee,
                refreshAfter: "UNFOCUS",
                readonly: true,
                validations: {}
              )
              
            }
          ),
          #"SYSTEM_SYSRULES_columnLayout"(
            contents: {
              #"SYSTEM_SYSRULES_textField"(
                label: "Employee ID:",
                labelPosition: "ADJACENT",
                value: #"_a-0000e229-815f-8000-9ba2-011c48011c48_139289"(
                  ri!ri_cdt.employee
                ),
                saveInto: {},
                refreshAfter: "UNFOCUS",
                showWhen: not(
                  isnull(
                    ri!ri_cdt.employee
                  )
                ),
                readonly: true,
                validations: {}
              )
            }
          ),
          #"SYSTEM_SYSRULES_columnLayout"(
            contents: {
              #"SYSTEM_SYSRULES_textField"(
                label: "Order ID:",
                labelPosition: "ADJACENT",
                value: tostring(
                  ri!ri_cdt.orderID
                ),
                saveInto: {},
                refreshAfter: "UNFOCUS",
                readonly: true,
                validations: {}
              )
            }
          )

        }
      )
    }
  ),
  #"SYSTEM_SYSRULES_gridLayout"(
    label: "",
    labelPosition: "ABOVE",
    headerCells: {
      #"SYSTEM_SYSRULES_gridLayoutHeaderCell"(
        label: "Item"
      ),
      #"SYSTEM_SYSRULES_gridLayoutHeaderCell"(
        label: "Quantity"
      ),
      #"SYSTEM_SYSRULES_gridLayoutHeaderCell"(
        label: "Total price"
      )
    },
    columnConfigs: {
      #"SYSTEM_SYSRULES_gridLayoutColumnConfig"(
        width: "DISTRIBUTE",
        weight: 2
      ),
      #"SYSTEM_SYSRULES_gridLayoutColumnConfig"(
        width: "DISTRIBUTE"
      ),
      #"SYSTEM_SYSRULES_gridLayoutColumnConfig"(
        width: "DISTRIBUTE"
      )
    },
    rows: {
      #"SYSTEM_SYSRULES_gridRowLayout"(
        id: "wb_1",
        contents: {
          #"SYSTEM_SYSRULES_textField"(
            label: "Text",
            labelPosition: "ABOVE",
            value: #"_a-0000e229-815f-8000-9ba2-011c48011c48_112145"[1],
            saveInto: {},
            refreshAfter: "UNFOCUS",
            readonly: true,
            validations: {}
          ),
          #"SYSTEM_SYSRULES_integerField"(
            label: "Integer",
            labelPosition: "ABOVE",
            value: ri!ri_cdt.orders.whiteboard,
            saveInto: ri!ri_cdt.orders.whiteboard,
            refreshAfter: "UNFOCUS",
            readonly: true,
            validations: {}
          ),
          #"SYSTEM_SYSRULES_floatingPointField"(
            label: "Decimal",
            labelPosition: "ABOVE",
            value: product(
              #"_a-0000e229-815f-8000-9ba2-011c48011c48_112681"[1],
              if(
                isnull(
                  ri!ri_cdt.orders.whiteboard
                ),
                0,
                ri!ri_cdt.orders.whiteboard
              )
            ),
            saveInto: {},
            refreshAfter: "UNFOCUS",
            readonly: true,
            validations: {}
          )
        },
        showwhen: and(
          {
            not(
              isnull(
                ri!ri_cdt.orders.whiteboard
              )
            ),
            (
              ri!ri_cdt.orders.whiteboard &gt; 0
            )
          }
        )
      ),
      #"SYSTEM_SYSRULES_gridRowLayout"(
        id: "fcp_2",
        contents: {
          #"SYSTEM_SYSRULES_textField"(
            label: "Text",
            labelPosition: "ABOVE",
            value: #"_a-0000e229-815f-8000-9ba2-011c48011c48_112145"[2],
            saveInto: {},
            refreshAfter: "UNFOCUS",
            readonly: true,
            validations: {}
          ),
          #"SYSTEM_SYSRULES_integerField"(
            label: "Integer",
            labelPosition: "ABOVE",
            value: ri!ri_cdt.orders.flipChartPaper,
            saveInto: ri!ri_cdt.orders.flipChartPaper,
            refreshAfter: "UNFOCUS",
            readonly: true,
            validations: {}
          ),
          #"SYSTEM_SYSRULES_floatingPointField"(
            label: "Decimal",
            labelPosition: "ABOVE",
            value: product(
              #"_a-0000e229-815f-8000-9ba2-011c48011c48_112681"[2],
              if(
                isnull(
                  ri!ri_cdt.orders.flipChartPaper
                ),
                0,
                ri!ri_cdt.orders.flipChartPaper
              )
            ),
            saveInto: {},
            refreshAfter: "UNFOCUS",
            readonly: true,
            validations: {}
          )
        },
        showwhen: and(
          {
            not(
              isnull(
                ri!ri_cdt.orders.flipChartPaper
              )
            ),
            (
              ri!ri_cdt.orders.flipChartPaper &gt; 0
            )
          }
        )
      ),
      #"SYSTEM_SYSRULES_gridRowLayout"(
        id: "mk_3",
        contents: {
          #"SYSTEM_SYSRULES_textField"(
            label: "Text",
            labelPosition: "ABOVE",
            value: #"_a-0000e229-815f-8000-9ba2-011c48011c48_112145"[3],
            saveInto: {},
            refreshAfter: "UNFOCUS",
            readonly: true,
            validations: {}
          ),
          #"SYSTEM_SYSRULES_integerField"(
            label: "Integer",
            labelPosition: "ABOVE",
            value: ri!ri_cdt.orders.marker,
            saveInto: ri!ri_cdt.orders.marker,
            refreshAfter: "UNFOCUS",
            readonly: true,
            validations: {}
          ),
          #"SYSTEM_SYSRULES_floatingPointField"(
            label: "Decimal",
            labelPosition: "ABOVE",
            value: product(
              #"_a-0000e229-815f-8000-9ba2-011c48011c48_112681"[3],
              if(
                isnull(
                  ri!ri_cdt.orders.marker
                ),
                0,
                ri!ri_cdt.orders.marker
              )
            ),
            saveInto: {},
            refreshAfter: "UNFOCUS",
            readonly: true,
            validations: {}
          )
        },
        showwhen: and(
          {
            not(
              isnull(
                ri!ri_cdt.orders.marker
              )
            ),
            (
              ri!ri_cdt.orders.marker &gt; 0
            )
          }
        )
      ),
      #"SYSTEM_SYSRULES_gridRowLayout"(
        id: "np_4",
        contents: {
          #"SYSTEM_SYSRULES_textField"(
            label: "Text",
            labelPosition: "ABOVE",
            value: #"_a-0000e229-815f-8000-9ba2-011c48011c48_112145"[4],
            saveInto: {},
            refreshAfter: "UNFOCUS",
            readonly: true,
            validations: {}
          ),
          #"SYSTEM_SYSRULES_integerField"(
            label: "Integer",
            labelPosition: "ABOVE",
            value: ri!ri_cdt.orders.notepad,
            saveInto: ri!ri_cdt.orders.notepad,
            refreshAfter: "UNFOCUS",
            readonly: true,
            validations: {}
          ),
          #"SYSTEM_SYSRULES_floatingPointField"(
            label: "Decimal",
            labelPosition: "ABOVE",
            value: product(
              #"_a-0000e229-815f-8000-9ba2-011c48011c48_112681"[4],
              if(
                isnull(
                  ri!ri_cdt.orders.notepad
                ),
                0,
                ri!ri_cdt.orders.notepad
              )
            ),
            saveInto: {},
            refreshAfter: "UNFOCUS",
            readonly: true,
            validations: {}
          )
        },
        showwhen: and(
          {
            not(
              isnull(
                ri!ri_cdt.orders.notepad
              )
            ),
            (
              ri!ri_cdt.orders.notepad &gt; 0
            )
          }
        )
      ),
      #"SYSTEM_SYSRULES_gridRowLayout"(
        id: "pn_5",
        contents: {
          #"SYSTEM_SYSRULES_textField"(
            label: "Text",
            labelPosition: "ABOVE",
            value: #"_a-0000e229-815f-8000-9ba2-011c48011c48_112145"[5],
            saveInto: {},
            refreshAfter: "UNFOCUS",
            readonly: true,
            validations: {}
          ),
          #"SYSTEM_SYSRULES_integerField"(
            label: "Integer",
            labelPosition: "ABOVE",
            value: ri!ri_cdt.orders.pen,
            saveInto: ri!ri_cdt.orders.pen,
            refreshAfter: "UNFOCUS",
            readonly: true,
            validations: {}
          ),
          #"SYSTEM_SYSRULES_floatingPointField"(
            label: "Decimal",
            labelPosition: "ABOVE",
            value: product(
              #"_a-0000e229-815f-8000-9ba2-011c48011c48_112681"[5],
              if(
                isnull(
                  ri!ri_cdt.orders.pen
                ),
                0,
                ri!ri_cdt.orders.pen
              )
            ),
            saveInto: {},
            refreshAfter: "UNFOCUS",
            readonly: true,
            validations: {}
          )
        },
        showwhen: and(
          {
            not(
              isnull(
                ri!ri_cdt.orders.pen
              )
            ),
            (
              ri!ri_cdt.orders.pen &gt; 0
            )
          }
        )
      ),
      #"SYSTEM_SYSRULES_gridRowLayout"(
        id: "hl_6",
        contents: {
          #"SYSTEM_SYSRULES_textField"(
            label: "Text",
            labelPosition: "ABOVE",
            value: #"_a-0000e229-815f-8000-9ba2-011c48011c48_112145"[6],
            saveInto: {},
            refreshAfter: "UNFOCUS",
            readonly: true,
            validations: {}
          ),
          #"SYSTEM_SYSRULES_integerField"(
            label: "Integer",
            labelPosition: "ABOVE",
            value: ri!ri_cdt.orders.highlighter,
            saveInto: ri!ri_cdt.orders.highlighter,
            refreshAfter: "UNFOCUS",
            readonly: true,
            validations: {}
          ),
          #"SYSTEM_SYSRULES_floatingPointField"(
            label: "Decimal",
            labelPosition: "ABOVE",
            value: product(
              #"_a-0000e229-815f-8000-9ba2-011c48011c48_112681"[6],
              if(
                isnull(
                  ri!ri_cdt.orders.highlighter
                ),
                0,
                ri!ri_cdt.orders.highlighter
              )
            ),
            saveInto: {},
            refreshAfter: "UNFOCUS",
            readonly: true,
            validations: {}
          )
        },
        showwhen: and(
          {
            not(
              isnull(
                ri!ri_cdt.orders.highlighter
              )
            ),
            (
              ri!ri_cdt.orders.highlighter &gt; 0
            )
          }
        )
      ),
      #"SYSTEM_SYSRULES_gridRowLayout"(
        id: "pin_7",
        contents: {
          #"SYSTEM_SYSRULES_textField"(
            label: "Text",
            labelPosition: "ABOVE",
            value: #"_a-0000e229-815f-8000-9ba2-011c48011c48_112145"[7],
            saveInto: {},
            refreshAfter: "UNFOCUS",
            readonly: true,
            validations: {}
          ),
          #"SYSTEM_SYSRULES_integerField"(
            label: "Integer",
            labelPosition: "ABOVE",
            value: ri!ri_cdt.orders.postItNote,
            saveInto: ri!ri_cdt.orders.postItNote,
            refreshAfter: "UNFOCUS",
            readonly: true,
            validations: {}
          ),
          #"SYSTEM_SYSRULES_floatingPointField"(
            label: "Decimal",
            labelPosition: "ABOVE",
            value: product(
              #"_a-0000e229-815f-8000-9ba2-011c48011c48_112681"[7],
              if(
                isnull(
                  ri!ri_cdt.orders.postItNote
                ),
                0,
                ri!ri_cdt.orders.postItNote
              )
            ),
            saveInto: {},
            refreshAfter: "UNFOCUS",
            readonly: true,
            validations: {}
          )
        },
        showwhen: and(
          {
            not(
              isnull(
                ri!ri_cdt.orders.postItNote
              )
            ),
            (
              ri!ri_cdt.orders.postItNote &gt; 0
            )
          }
        )
      )
    },
    selectionValue: {},
    selectionSaveInto: {},
    validations: {},
    shadeAlternateRows: true,
    borderStyle: "LIGHT"
  ),
  #"SYSTEM_SYSRULES_floatingPointField"(
    label: "Total: Rs.",
    labelPosition: "ADJACENT",
    value: ri!ri_cdt.total,
    saveInto: {},
    refreshAfter: "UNFOCUS",
    readonly: true,
    validations: {}
  ),
  load(
    local!choice,
    local!message,
    #"SYSTEM_SYSRULES_columnsLayout"(
      columns: {
        #"SYSTEM_SYSRULES_columnLayout"(
          contents: {
            #"SYSTEM_SYSRULES_radioButtonField"(
              label: "Approve?",
              labelPosition: "ABOVE",
              choiceLabels: {
                "Yes",
                "No"
              },
              choiceValues: {
                true,
                false
              },
              value: local!choice,
              saveInto: local!choice,
              choiceLayout: "COMPACT",
              validations: {}
            )
          },
          showWhen: isusermemberofgroup(
            loggedInUser(),
            #"_a-0000e229-815f-8000-9ba2-011c48011c48_113597"
          )
        ),
        #"SYSTEM_SYSRULES_columnLayout"(
          contents: {
            #"SYSTEM_SYSRULES_paragraphField"(
              label: "Reason for approval status:",
              labelPosition: "ABOVE",
              helptooltip: "Enter why you have approved or rejected the order",
              value: local!message,
              saveInto: a!save(
                local!message,
                save!value
              ),
              refreshAfter: "UNFOCUS",
              showWhen: not(
                isnull(
                  local!choice
                )
              ),
              height: "MEDIUM",
              validations: {}
            )
          }
        ),
        #"SYSTEM_SYSRULES_columnLayout"(
          contents: {
            #"SYSTEM_SYSRULES_ButtonArrayLayout"(
              buttons: {
                #"SYSTEM_SYSRULES_ButtonWidget"(
                  label: "Confirm",
                  saveInto: {
                    a!save(
                      ri!ri_cdt.ma,
                      local!choice
                    ),
                    a!save(
                      ri!ri_cdt.manager,
                      tostring(loggedInUser())
                    ),
                    a!save(
                      ri!ri_cdt.mApproval,
                      if(
                        isnull(
                          local!message
                        ),
                        if(
                          local!choice = 1,
                          "Order has been approved by " &amp; ri!ri_cdt.manager,
                          "Order has been rejected by " &amp; ri!ri_cdt.manager
                        ),
                        local!message
                      )
                    )
                  },
                  submit: true,
                  style: "PRIMARY"
                )
              },
              showWhen: not(
                isnull(
                  local!choice
                )
              ),
              align: "START"
            )
          },
          showWhen: isusermemberofgroup(
            loggedInUser(),
            #"_a-0000e229-815f-8000-9ba2-011c48011c48_113597"
          )
        )
      }
    )
  ),
  #"SYSTEM_SYSRULES_sectionLayout_v1"(
    label: "Delivery Status:",
    contents: {
      #"SYSTEM_SYSRULES_columnsLayout"(
        columns: {
          #"SYSTEM_SYSRULES_columnLayout"(
            contents: {
              #"SYSTEM_SYSRULES_ButtonArrayLayout"(
                buttons: {
                  #"SYSTEM_SYSRULES_ButtonWidget"(
                    label: if(
                      isnull(
                        ri!ri_cdt.osReceived
                      ),
                      "Order Arrived, Notify Employee",
                      "Order Delivered, Notify Employee"
                    ),
                    saveInto: {
                      if(
                        isnull(
                          ri!ri_cdt.osReceived
                        ),
                        a!save(
                          ri!ri_cdt.osReceived,
                          true
                        ),
                        {
                          a!save(
                            ri!ri_cdt.osdelivered,
                            true
                          ),
                          a!save(
                            ri!ri_cdt.officeStaff,
                            tostring(
                              loggedInUser()
                            )
                          )
                        }
                      )
                    },
                    submit: true,
                    showwhen: true,
                    style: "PRIMARY"
                  )
                },
                align: "START"
              )
            }
          )
        }
      )
    },
    showwhen: isusermemberofgroup(
      loggedInUser(),
      #"_a-0000e229-815f-8000-9ba2-011c48011c48_113604"
    )
  )
}</definition>
        <namedTypedValue>
            <name>ri_cdt</name>
            <type>
                <name>OSMA_cdt</name>
                <namespace>urn:com:appian:types</namespace>
            </type>
        </namedTypedValue>
        <preferredEditor>interface</preferredEditor>
        <offlineEnabled>false</offlineEnabled>
    </rule>
    <roleMap public="true">
        <role inherit="true" allowForAll="false" name="readers">
            <users/>
            <groups/>
        </role>
        <role inherit="true" allowForAll="false" name="authors">
            <users/>
            <groups/>
        </role>
        <role inherit="true" allowForAll="false" name="administrators">
            <users/>
            <groups/>
        </role>
        <role inherit="false" allowForAll="false" name="denyReaders">
            <users/>
            <groups/>
        </role>
        <role inherit="false" allowForAll="false" name="denyAuthors">
            <users/>
            <groups/>
        </role>
        <role inherit="false" allowForAll="false" name="denyAdministrators">
            <users/>
            <groups/>
        </role>
    </roleMap>
    <history>
        <historyInfo versionUuid="_a-0000e229-815f-8000-9ba2-011c48011c48_154601"/>
    </history>
</contentHaul>
