<?xml version="1.0" encoding="UTF-8" standalone="yes"?>
<tempoReportHaul xmlns:a="http://www.appian.com/ae/types/2009">
    <versionUuid>d46d3606-8a3a-48a8-89d8-19f129dedca8</versionUuid>
    <tempoReport a:uuid="29bcdda2-12dd-44b6-ba2e-4847119bdd8f" name="OSMA_monthly_usage_report">
        <a:description>Monthly expenditure per employee</a:description>
        <a:uiExpr>=#"_a-0000e229-815f-8000-9ba2-011c48011c48_145366"()</a:uiExpr>
        <a:urlStub>c8wbAQ</a:urlStub>
    </tempoReport>
    <roleMap>
        <role name="report_viewer">
            <users/>
            <groups>
                <groupUuid>_e-0000e229-815f-8000-9aee-01075c01075c_188</groupUuid>
                <groupUuid>_e-0000e229-815f-8000-9aee-01075c01075c_180</groupUuid>
            </groups>
        </role>
    </roleMap>
    <history>
        <historyInfo versionUuid="d46d3606-8a3a-48a8-89d8-19f129dedca8"/>
    </history>
</tempoReportHaul>
