<?xml version="1.0" encoding="UTF-8" standalone="yes"?>
<processModelFolderHaul xmlns:a="http://www.appian.com/ae/types/2009">
    <versionUuid>_g-0000e229-815f-8000-f92f-7f0000014e7a_82</versionUuid>
    <processModelFolder>
        <name>OSMA_Processes</name>
        <uuid>_g-0000e229-815f-8000-f92f-7f0000014e7a_79</uuid>
        <description>folder for process models</description>
    </processModelFolder>
    <roleMap>
        <role name="ADMIN_OWNER">
            <users/>
            <groups/>
        </role>
        <role name="EDITOR">
            <users/>
            <groups>
                <groupUuid>_e-0000e229-815f-8000-9aee-01075c01075c_188</groupUuid>
            </groups>
        </role>
        <role name="EXPLICIT_NONMEMBER">
            <users/>
            <groups/>
        </role>
        <role name="VIEWER">
            <users/>
            <groups/>
        </role>
        <role name="MANAGER">
            <users/>
            <groups/>
        </role>
        <role name="INITIATOR">
            <users/>
            <groups/>
        </role>
    </roleMap>
    <history>
        <historyInfo versionUuid="_g-0000e229-815f-8000-f92f-7f0000014e7a_82"/>
    </history>
</processModelFolderHaul>
