<?xml version="1.0" encoding="UTF-8" standalone="yes"?>
<applicationHaul xmlns:a="http://www.appian.com/ae/types/2009">
    <versionUuid>_a-0000e229-815f-8000-9ba2-011c48011c48_154167</versionUuid>
    <application>
        <name>OSMA_by_ub</name>
        <uuid>_a-0000e229-815f-8000-9ba2-011c48011c48_110043</uuid>
        <description>OfficeDecor is a medium size company that is growing fast. Their Office Manager needs a custom application to track and fill everyday office supply needs of employees.</description>
        <parentUuid>SYSTEM_APPLICATIONS_ROOT</parentUuid>
        <visibility>
            <advertise>false</advertise>
            <hierarchy>true</hierarchy>
            <indexable>true</indexable>
            <quota>false</quota>
            <searchable>true</searchable>
            <system>false</system>
            <unlogged>false</unlogged>
        </visibility>
        <urlIdentifier>_0FbNg</urlIdentifier>
        <published>true</published>
        <public>false</public>
        <associatedObjects>
            <globalIdMap>
                <item>
                    <type>datatype</type>
                    <uuids>
                        <uuid>{urn:com:appian:types}OSMA_cdt</uuid>
                        <uuid>{urn:com:appian:types}OSMA_cdt_2</uuid>
                        <uuid>{urn:com:appian:types}OSMA_cdt3</uuid>
                    </uuids>
                </item>
                <item>
                    <type>dataStore</type>
                    <uuids>
                        <uuid>_a-0000e229-815f-8000-9ba2-011c48011c48_110091</uuid>
                    </uuids>
                </item>
                <item>
                    <type>user</type>
                    <uuids/>
                </item>
                <item>
                    <type>groupType</type>
                    <uuids/>
                </item>
                <item>
                    <type>group</type>
                    <uuids>
                        <uuid>_e-0000e229-815f-8000-9aee-01075c01075c_178</uuid>
                        <uuid>_e-0000e229-815f-8000-9aee-01075c01075c_180</uuid>
                        <uuid>_e-0000e229-815f-8000-9aee-01075c01075c_182</uuid>
                        <uuid>_e-0000e229-815f-8000-9aee-01075c01075c_185</uuid>
                        <uuid>_e-0000e229-815f-8000-9aee-01075c01075c_188</uuid>
                    </uuids>
                </item>
                <item>
                    <type>content</type>
                    <uuids>
                        <uuid>_a-0000e229-815f-8000-9ba2-011c48011c48_110051</uuid>
                        <uuid>_a-0000e229-815f-8000-9ba2-011c48011c48_110063</uuid>
                        <uuid>_a-0000e229-815f-8000-9ba2-011c48011c48_110070</uuid>
                        <uuid>_a-0000e229-815f-8000-9ba2-011c48011c48_110104</uuid>
                        <uuid>_a-0000e229-815f-8000-9ba2-011c48011c48_112104</uuid>
                        <uuid>_a-0000e229-815f-8000-9ba2-011c48011c48_112145</uuid>
                        <uuid>_a-0000e229-815f-8000-9ba2-011c48011c48_112634</uuid>
                        <uuid>_a-0000e229-815f-8000-9ba2-011c48011c48_112652</uuid>
                        <uuid>_a-0000e229-815f-8000-9ba2-011c48011c48_112681</uuid>
                        <uuid>_a-0000e229-815f-8000-9ba2-011c48011c48_113591</uuid>
                        <uuid>_a-0000e229-815f-8000-9ba2-011c48011c48_113597</uuid>
                        <uuid>_a-0000e229-815f-8000-9ba2-011c48011c48_113604</uuid>
                        <uuid>_a-0000e229-815f-8000-9ba2-011c48011c48_122454</uuid>
                        <uuid>_a-0000e229-815f-8000-9ba2-011c48011c48_122466</uuid>
                        <uuid>_a-0000e229-815f-8000-9ba2-011c48011c48_122681</uuid>
                        <uuid>_a-0000e229-815f-8000-9ba2-011c48011c48_124148</uuid>
                        <uuid>_a-0000e229-815f-8000-9ba2-011c48011c48_124175</uuid>
                        <uuid>_a-0000e229-815f-8000-9ba2-011c48011c48_124387</uuid>
                        <uuid>_a-0000e229-815f-8000-9ba2-011c48011c48_127825</uuid>
                        <uuid>_a-0000e229-815f-8000-9ba2-011c48011c48_128035</uuid>
                        <uuid>_a-0000e229-815f-8000-9ba2-011c48011c48_128041</uuid>
                        <uuid>_a-0000e229-815f-8000-9ba2-011c48011c48_128045</uuid>
                        <uuid>_a-0000e229-815f-8000-9ba2-011c48011c48_128043</uuid>
                        <uuid>_a-0000e229-815f-8000-9ba2-011c48011c48_128047</uuid>
                        <uuid>_a-0000e229-815f-8000-9ba2-011c48011c48_128051</uuid>
                        <uuid>_a-0000e229-815f-8000-9ba2-011c48011c48_128049</uuid>
                        <uuid>_a-0000e229-815f-8000-9ba2-011c48011c48_138179</uuid>
                        <uuid>_a-0000e229-815f-8000-9ba2-011c48011c48_139289</uuid>
                        <uuid>_a-0000e229-815f-8000-9ba2-011c48011c48_141650</uuid>
                        <uuid>_a-0000e229-815f-8000-9ba2-011c48011c48_142288</uuid>
                        <uuid>_a-0000e229-815f-8000-9ba2-011c48011c48_142780</uuid>
                        <uuid>_a-0000e229-815f-8000-9ba2-011c48011c48_144337</uuid>
                        <uuid>_a-0000e229-815f-8000-9ba2-011c48011c48_144509</uuid>
                        <uuid>_a-0000e229-815f-8000-9ba2-011c48011c48_145366</uuid>
                        <uuid>_a-0000e229-815f-8000-9ba2-011c48011c48_154162</uuid>
                    </uuids>
                </item>
                <item>
                    <type>forum</type>
                    <uuids/>
                </item>
                <item>
                    <type>processModelFolder</type>
                    <uuids>
                        <uuid>_g-0000e229-815f-8000-f92f-7f0000014e7a_79</uuid>
                    </uuids>
                </item>
                <item>
                    <type>processModel</type>
                    <uuids>
                        <uuid>0002e242-d55a-8000-f92f-7f0000014e7a</uuid>
                        <uuid>0002e244-3a6c-8000-f92f-7f0000014e7a</uuid>
                        <uuid>0002e246-dbb6-8000-f92f-7f0000014e7a</uuid>
                        <uuid>0002e24e-ff06-8000-f92f-7f0000014e7a</uuid>
                        <uuid>0002e255-4a1e-8000-f92f-7f0000014e7a</uuid>
                        <uuid>0002e257-c613-8000-f92f-7f0000014e7a</uuid>
                        <uuid>0002e257-d61f-8000-f92f-7f0000014e7a</uuid>
                    </uuids>
                </item>
                <item>
                    <type>portlet</type>
                    <uuids/>
                </item>
                <item>
                    <type>page</type>
                    <uuids/>
                </item>
                <item>
                    <type>application</type>
                    <uuids/>
                </item>
                <item>
                    <type>tempoFeed</type>
                    <uuids/>
                </item>
                <item>
                    <type>recordType</type>
                    <uuids>
                        <uuid>7495b193-9222-4d08-ab6c-e4c3481486e6</uuid>
                    </uuids>
                </item>
                <item>
                    <type>tempoReport</type>
                    <uuids>
                        <uuid>29bcdda2-12dd-44b6-ba2e-4847119bdd8f</uuid>
                    </uuids>
                </item>
                <item>
                    <type>taskReport</type>
                    <uuids/>
                </item>
                <item>
                    <type>webApi</type>
                    <uuids/>
                </item>
                <item>
                    <type>site</type>
                    <uuids>
                        <uuid>674f97bf-5b76-4c29-953e-7f5aea25c666</uuid>
                    </uuids>
                </item>
                <item>
                    <type>adminSetting</type>
                    <uuids/>
                </item>
                <item>
                    <type>thirdPartyCredentials</type>
                    <uuids/>
                </item>
                <item>
                    <type>dataSource</type>
                    <uuids/>
                </item>
                <item>
                    <type>embeddedSailTheme</type>
                    <uuids/>
                </item>
                <item>
                    <type>connectedSystem</type>
                    <uuids/>
                </item>
            </globalIdMap>
        </associatedObjects>
        <applicationNavigation/>
        <applicationActions/>
        <associatedApplications>
            <globalIdMap>
                <item>
                    <type>datatype</type>
                    <uuids/>
                </item>
                <item>
                    <type>dataStore</type>
                    <uuids/>
                </item>
                <item>
                    <type>user</type>
                    <uuids/>
                </item>
                <item>
                    <type>groupType</type>
                    <uuids/>
                </item>
                <item>
                    <type>group</type>
                    <uuids/>
                </item>
                <item>
                    <type>content</type>
                    <uuids/>
                </item>
                <item>
                    <type>forum</type>
                    <uuids/>
                </item>
                <item>
                    <type>processModelFolder</type>
                    <uuids/>
                </item>
                <item>
                    <type>processModel</type>
                    <uuids/>
                </item>
                <item>
                    <type>portlet</type>
                    <uuids/>
                </item>
                <item>
                    <type>page</type>
                    <uuids/>
                </item>
                <item>
                    <type>application</type>
                    <uuids/>
                </item>
                <item>
                    <type>tempoFeed</type>
                    <uuids/>
                </item>
                <item>
                    <type>recordType</type>
                    <uuids/>
                </item>
                <item>
                    <type>tempoReport</type>
                    <uuids/>
                </item>
                <item>
                    <type>taskReport</type>
                    <uuids/>
                </item>
                <item>
                    <type>webApi</type>
                    <uuids/>
                </item>
                <item>
                    <type>site</type>
                    <uuids/>
                </item>
                <item>
                    <type>adminSetting</type>
                    <uuids/>
                </item>
                <item>
                    <type>thirdPartyCredentials</type>
                    <uuids/>
                </item>
                <item>
                    <type>dataSource</type>
                    <uuids/>
                </item>
                <item>
                    <type>embeddedSailTheme</type>
                    <uuids/>
                </item>
                <item>
                    <type>connectedSystem</type>
                    <uuids/>
                </item>
            </globalIdMap>
        </associatedApplications>
    </application>
    <roleMap>
        <contentRoleMap public="true">
            <role inherit="false" allowForAll="false" name="readers">
                <users/>
                <groups/>
            </role>
            <role inherit="false" allowForAll="false" name="authors">
                <users/>
                <groups>
                    <groupUuid>_e-0000e229-815f-8000-9aee-01075c01075c_188</groupUuid>
                </groups>
            </role>
            <role inherit="false" allowForAll="false" name="administrators">
                <users>
                    <userUuid>ushana.bandyopadhyay</userUuid>
                </users>
                <groups/>
            </role>
            <role inherit="false" allowForAll="false" name="denyReaders">
                <users/>
                <groups/>
            </role>
            <role inherit="false" allowForAll="false" name="denyAuthors">
                <users/>
                <groups/>
            </role>
            <role inherit="false" allowForAll="false" name="denyAdministrators">
                <users/>
                <groups/>
            </role>
        </contentRoleMap>
    </roleMap>
    <history>
        <historyInfo versionUuid="_a-0000e229-815f-8000-9ba2-011c48011c48_154167"/>
    </history>
</applicationHaul>
