<?xml version="1.0" encoding="UTF-8"?>
<recordTypeHaul xmlns:a="http://www.appian.com/ae/types/2009" xmlns:xsi="http://www.w3.org/2001/XMLSchema-instance">
  <versionUuid>a839fd0f-3da9-4c86-9ab2-2e124e5b85c7</versionUuid>
  <recordType a:uuid="7495b193-9222-4d08-ab6c-e4c3481486e6" name="OSMA_record_of_orders">
    <a:pluralName>record_of_orders</a:pluralName>
    <a:description>Record of orders placed by employees for manager to view</a:description>
    <a:urlStub>0gleQg</a:urlStub>
    <a:source
      a:uuid="2db59a08-e7fc-444a-8487-3310c90775d0@_a-0000e229-815f-8000-9ba2-011c48011c48_110091" xsi:type="a:DataStoreEntity"/>
    <a:listViewTemplateExpr>#"SYSTEM_SYSRULES_recordGridLayoutColumns"(
  columns: {
    #"SYSTEM_SYSRULES_gridLayoutColumn"(
      label: "Order Id",
      width: "NARROW",
      field: "orderID",
      align: "CENTER",
      component: #"SYSTEM_SYSRULES_recordGrid_linkField"(
        links: {
          #"SYSTEM_SYSRULES_recordLink"(
            label: rf!orderID,
            recordtype: rp!type,
            identifier: rp!id
          )
        },
        align: "CENTER"
      )
    ),
    #"SYSTEM_SYSRULES_gridLayoutColumn"(
      label: "Raised By",
      field: "employee",
      align: "CENTER",
      component: #"SYSTEM_SYSRULES_recordGrid_textField"(
        displayvalue: rf!employee,
        align: "CENTER"
      )
    ),
    #"SYSTEM_SYSRULES_gridLayoutColumn"(
      label: "Raised On",
      width: "DISTRIBUTE",
      align: "CENTER",
      component: #"SYSTEM_SYSRULES_recordGrid_dateField"(
        displayvalue: rf!date,
        align: "CENTER"
      )
    ),
    #"SYSTEM_SYSRULES_gridLayoutColumn"(
      label: "Orders Total Amount (Rs.)",
      width: "DISTRIBUTE",
      field: "total",
      align: "CENTER",
      component: #"SYSTEM_SYSRULES_recordGrid_floatingPointField"(
        displayValue: rf!total,
        align: "CENTER"
      )
    ),
    #"SYSTEM_SYSRULES_gridLayoutColumn"(
      label: "Quota Exceeded?",
      width: "DISTRIBUTE",
      align: "CENTER",
      component: #"SYSTEM_SYSRULES_recordGrid_textField"(
        displayvalue: if(
          todecimal(#"_a-0000e229-815f-8000-9ba2-011c48011c48_144337"(rf!employee))&lt;rf!total,
          "Yes",
          "No"
        ),
        align: "CENTER"
      ),
      visible: isusermemberofgroup(loggedInUser(), #"_a-0000e229-815f-8000-9ba2-011c48011c48_113597")
    ),
    #"SYSTEM_SYSRULES_gridLayoutColumn"(
      label: "Orders Approval Status",
      width: "DISTRIBUTE",
      align: "CENTER",
      component: #"SYSTEM_SYSRULES_recordGrid_textField"(
        displayvalue: if(isnull(rf!ma), "Pending", if(rf!ma, "Approved", "Rejected")),
        align: "CENTER"
      )
    ),
    #"SYSTEM_SYSRULES_gridLayoutColumn"(
      label: "Approved By",
      width: "DISTRIBUTE",
      field: "manager",
      align: "CENTER",
      component: #"SYSTEM_SYSRULES_recordGrid_textField"(
        displayvalue: rf!manager,
        align: "CENTER"
      )
    ),
    #"SYSTEM_SYSRULES_gridLayoutColumn"(
      label: "Remarks",
      field: "mApproval",
      align: "CENTER",
      component: #"SYSTEM_SYSRULES_recordGrid_textField"(
        displayValue: rf!mApproval,
        align: "CENTER"
      ),
      visible: isusermemberofgroup(loggedInUser(), #"_a-0000e229-815f-8000-9ba2-011c48011c48_113597")
    ),
    #"SYSTEM_SYSRULES_gridLayoutColumn"(
      label: "Orders Delivery Status",
      width: "DISTRIBUTE",
      align: "CENTER",
      component: #"SYSTEM_SYSRULES_recordGrid_textField"(
        displayvalue: if(
          isnull(rf!osReceived),
          if(isnull(rf!ma),null,"Yet to arrive"),
          if(
            rf!osReceived,
            if(
              rf!osdelivered,
              "Delivered by "&amp; rf!officeStaff,
              "Arrived but not Delivered"
            ),
            "Rejected"
          )
        ),
        align: "CENTER"
      )
    )
  },
  pageSize: 50,
  defaultSort: #"SYSTEM_SYSRULES_sortInfo"(
    field: "employee",
    ascending: fn!true()
  ),
  shadeAlternateRows: true
)</a:listViewTemplateExpr>
    <a:fieldCfg name="Office Staff Filter">
      <a:isSortable>false</a:isSortable>
      <a:isSearchable>false</a:isSearchable>
      <a:isFacet>true</a:isFacet>
      <a:facetType>EXPRESSION</a:facetType>
      <a:isExclusiveFacet>true</a:isExclusiveFacet>
      <a:facetExpr>#"SYSTEM_SYSRULES_facet_v1"(
  name: "Approval Status",
  options: {
    #"SYSTEM_SYSRULES_facetOption"(
      id: 1,
      name: "Approval Status",
      filter: #"SYSTEM_SYSRULES_queryFilter"(
        field: "ma",
        operator: "=",
        value: true()
      )
    ),
    
  },
  defaultOption: if(
    isusermemberofgroup(
      loggedInUser(),
      #"_a-0000e229-815f-8000-9ba2-011c48011c48_113604"
    ),
    "Approval Status",
    null
  ),
  isVisible: if(isusermemberofgroup(loggedInUser(), #"_a-0000e229-815f-8000-9ba2-011c48011c48_113604"), true, false)
)</a:facetExpr>
      <a:sortOrderIndex>0</a:sortOrderIndex>
      <a:facetOrderIndex>0</a:facetOrderIndex>
      <a:visibilityExpr/>
      <a:defaultOptionExpr/>
      <a:allowMultipleSelections>true</a:allowMultipleSelections>
    </a:fieldCfg>
    <a:fieldCfg name="Approval Status">
      <a:isSortable>false</a:isSortable>
      <a:isSearchable>false</a:isSearchable>
      <a:isFacet>true</a:isFacet>
      <a:facetType>EXPRESSION</a:facetType>
      <a:isExclusiveFacet>true</a:isExclusiveFacet>
      <a:facetExpr>#"SYSTEM_SYSRULES_facet_v1"(
  name: "Approval Status",
  options: {#"SYSTEM_SYSRULES_facetOption"(
    id: 3,
    name: "Approved",
    filter: #"SYSTEM_SYSRULES_queryFilter"(
      field: "ma",
      operator: "=",
      value: true
    )
  ),
  #"SYSTEM_SYSRULES_facetOption"(
    id: 4,
    name: "Rejected",
    filter: #"SYSTEM_SYSRULES_queryFilter"(
      field: "ma",
      operator: "=",
      value: false
    )
  ),
  #"SYSTEM_SYSRULES_facetOption"(
    id: 5,
    name: "Pending",
    filter: #"SYSTEM_SYSRULES_queryFilter"(
      field: "ma",
      operator: "is null"
    )
  )
  },
  isVisible: if(isusermemberofgroup(loggedInUser(), #"_a-0000e229-815f-8000-9ba2-011c48011c48_113597"),true, false)
)</a:facetExpr>
      <a:sortOrderIndex>1</a:sortOrderIndex>
      <a:facetOrderIndex>1</a:facetOrderIndex>
      <a:visibilityExpr/>
      <a:defaultOptionExpr/>
      <a:allowMultipleSelections>true</a:allowMultipleSelections>
    </a:fieldCfg>
    <a:fieldCfg name="office staff user filter">
      <a:isSortable>false</a:isSortable>
      <a:isSearchable>false</a:isSearchable>
      <a:isFacet>true</a:isFacet>
      <a:facetType>EXPRESSION</a:facetType>
      <a:isExclusiveFacet>true</a:isExclusiveFacet>
      <a:facetExpr>#"SYSTEM_SYSRULES_facet_v1"(
  name: "Status",
  options: {
    #"SYSTEM_SYSRULES_facetOption"(
      id: 16,
      name: "Yet to arrive",
      filter: #"SYSTEM_SYSRULES_queryFilter"(
        field: "osReceived",
        operator: "is null"
      )
    ),
    #"SYSTEM_SYSRULES_facetOption"(
      id: 17,
      name: "Delivered",
      filter: #"SYSTEM_SYSRULES_queryFilter"(
        field: "osdelivered",
        operator: "=",
        value: true
      )
    )
  },
  isVisible: isusermemberofgroup(loggedInUser(), #"_a-0000e229-815f-8000-9ba2-011c48011c48_113604"),
  allowMultipleSelections: false
)</a:facetExpr>
      <a:sortOrderIndex>2</a:sortOrderIndex>
      <a:facetOrderIndex>2</a:facetOrderIndex>
      <a:visibilityExpr/>
      <a:defaultOptionExpr/>
      <a:allowMultipleSelections>true</a:allowMultipleSelections>
    </a:fieldCfg>
    <a:detailViewCfg>
      <a:nameExpr>="Summary"</a:nameExpr>
      <a:uiExpr>#"_a-0000e229-815f-8000-9ba2-011c48011c48_141650"(#"_a-0000e229-815f-8000-9ba2-011c48011c48_112104"(rf!orderID))</a:uiExpr>
      <a:visibilityExpr>=true()</a:visibilityExpr>
      <a:urlStub>summary</a:urlStub>
      <a:headerExpr/>
      <a:relatedActionCfg>bb71da72-b5b9-410f-99e0-b4f04283c4c3</a:relatedActionCfg>
    </a:detailViewCfg>
    <a:relatedActionCfg>
      <a:target a:uuid="0002e24e-ff06-8000-f92f-7f0000014e7a" xsi:type="a:ProcessModel"/>
      <a:contextExpr>{
  ri_cdt_pv: #"_a-0000e229-815f-8000-9ba2-011c48011c48_112104"(rf!orderID) /* OSMA_cdt */
}</a:contextExpr>
      <a:visibilityExpr>or(
  {
    and(
      {
        isusermemberofgroup(
          loggedInUser(),
          #"_a-0000e229-815f-8000-9ba2-011c48011c48_113597"
        ),
        isnull(
          rf!ma
        )
      }
    ),
    and(
      {
        isusermemberofgroup(
          loggedInUser(),
          #"_a-0000e229-815f-8000-9ba2-011c48011c48_113604"
        ),
        rf!ma = true,
        isnull(
          rf!osdelivered
        )
      }
    )
  }
)</a:visibilityExpr>
      <a:iconId>f0e7</a:iconId>
      <a:refId>bb71da72-b5b9-410f-99e0-b4f04283c4c3</a:refId>
      <a:titleExpr>if(
  isusermemberofgroup(
    loggedInUser(),
    #"_a-0000e229-815f-8000-9ba2-011c48011c48_113597"
  ),
  "Click to approve",
  if(rf!osReceived,"Deliver Order", "Received order items")
)</a:titleExpr>
      <a:staticDescriptionString/>
    </a:relatedActionCfg>
    <a:isSystem>false</a:isSystem>
    <a:dataSrcExpr/>
    <a:facetsListExpr/>
    <a:titleExpr/>
    <a:defaultFiltersExpr/>
    <a:layoutType>GRID</a:layoutType>
    <a:security>16383</a:security>
    <a:hideLatestNews>false</a:hideLatestNews>
    <a:isExportable>true</a:isExportable>
    <a:listViewSrcExpr/>
    <a:recordViewSrcExpr/>
  </recordType>
  <roleMap>
    <role name="record_type_editor">
      <users/>
      <groups>
        <groupUuid>_e-0000e229-815f-8000-9aee-01075c01075c_188</groupUuid>
      </groups>
    </role>
  </roleMap>
  <history>
    <historyInfo versionUuid="a839fd0f-3da9-4c86-9ab2-2e124e5b85c7"/>
  </history>
  <migrationVersion>1</migrationVersion>
</recordTypeHaul>
