<?xml version="1.0" encoding="UTF-8"?>
<siteHaul xmlns:a="http://www.appian.com/ae/types/2009" xmlns:xsi="http://www.w3.org/2001/XMLSchema-instance">
  <versionUuid>b169ebee-a191-4a8d-bfc9-fe531c5ef267</versionUuid>
  <site a:uuid="674f97bf-5b76-4c29-953e-7f5aea25c666" name="OFFICE SUPPLY MANAGEMENT APPLICATION">
    <description>Site to implement office supply management application</description>
    <urlStub>osma</urlStub>
    <page>
      <nameExpr>if(
  isusermemberofgroup(loggedInUser(), #"_a-0000e229-815f-8000-9ba2-011c48011c48_113597"),
  "Order Approval",
  "Order Delivery"
)</nameExpr>
      <description/>
      <urlStub>orders-record</urlStub>
      <uiObject a:uuid="7495b193-9222-4d08-ab6c-e4c3481486e6" xsi:type="a:RecordType">
        <a:isSystem>false</a:isSystem>
        <a:security>16383</a:security>
        <a:hideLatestNews>false</a:hideLatestNews>
        <a:isExportable>true</a:isExportable>
      </uiObject>
      <iconId>f073</iconId>
      <visibilityExpr>or(
  isusermemberofgroup(loggedInUser(), #"_a-0000e229-815f-8000-9ba2-011c48011c48_113597"),
  isusermemberofgroup(loggedInUser(), #"_a-0000e229-815f-8000-9ba2-011c48011c48_113604")
)</visibilityExpr>
      <pageWidth>STANDARD</pageWidth>
    </page>
    <page>
      <staticName>Place Order</staticName>
      <description/>
      <urlStub>orders</urlStub>
      <uiObject a:uuid="0002e244-3a6c-8000-f92f-7f0000014e7a" xsi:type="a:ProcessModel"/>
      <iconId>f290</iconId>
      <visibilityExpr>isusermemberofgroup(loggedInUser(), #"_a-0000e229-815f-8000-9ba2-011c48011c48_113591")</visibilityExpr>
      <pageWidth>STANDARD</pageWidth>
    </page>
    <page>
      <staticName>Track Order</staticName>
      <description/>
      <urlStub>track</urlStub>
      <uiObject a:uuid="0002e255-4a1e-8000-f92f-7f0000014e7a" xsi:type="a:ProcessModel"/>
      <iconId>f1e5</iconId>
      <visibilityExpr>isusermemberofgroup(loggedInUser(), #"_a-0000e229-815f-8000-9ba2-011c48011c48_113591")</visibilityExpr>
      <pageWidth>STANDARD</pageWidth>
    </page>
    <page>
      <nameExpr>if(
  isusermemberofgroup(loggedInUser(), #"_a-0000e229-815f-8000-9ba2-011c48011c48_113597"),
  "Order Status Report",
  if(
    isusermemberofgroup(loggedInUser(), #"_a-0000e229-815f-8000-9ba2-011c48011c48_113604"),
    "Order Delivery Report",
    "Order Status Report"
  )
)</nameExpr>
      <description/>
      <urlStub>expenditure</urlStub>
      <uiObject a:uuid="29bcdda2-12dd-44b6-ba2e-4847119bdd8f" xsi:type="a:TempoReport"/>
      <iconId>f073</iconId>
      <visibilityExpr>fn!true()</visibilityExpr>
      <pageWidth>STANDARD</pageWidth>
    </page>
    <page>
      <staticName>Set Item Price</staticName>
      <description/>
      <urlStub>set-price</urlStub>
      <uiObject a:uuid="0002e242-d55a-8000-f92f-7f0000014e7a" xsi:type="a:ProcessModel"/>
      <iconId>f155</iconId>
      <visibilityExpr>isusermemberofgroup(
  loggedInUser(
  ),
  #"_a-0000e229-815f-8000-9ba2-011c48011c48_113604"
)</visibilityExpr>
      <pageWidth>STANDARD</pageWidth>
    </page>
    <visibility>268435456</visibility>
    <headerBackgroundColor>#000000</headerBackgroundColor>
    <selectedTabBackgroundColor>#008200</selectedTabBackgroundColor>
    <faviconRef a:uuid="_a-0000e229-815f-8000-9ba2-011c48011c48_122681" xsi:type="a:CollaborationDocument"/>
    <faviconHref/>
    <logoRef a:uuid="_a-0000e229-815f-8000-9ba2-011c48011c48_122466" xsi:type="a:CollaborationDocument"/>
    <logoHref/>
    <headerBackgroundColorExpr/>
    <selectedTabBackgroundColorExpr/>
    <accentColor>#6bc512</accentColor>
    <accentColorExpr/>
    <logoExpr/>
    <faviconExpr/>
    <showName>true</showName>
    <tempoLinkVisibility>GROUPS</tempoLinkVisibility>
    <tempoLinkViewers
      a:uuid="_e-0000e229-815f-8000-9aee-01075c01075c_182" xsi:type="a:Group"/>
    <tempoLinkViewers
      a:uuid="_e-0000e229-815f-8000-9aee-01075c01075c_180" xsi:type="a:Group"/>
    <tempoLinkViewers
      a:uuid="_e-0000e229-815f-8000-9aee-01075c01075c_185" xsi:type="a:Group"/>
    <showRecordNews>false</showRecordNews>
    <isSystem>false</isSystem>
  </site>
  <roleMap>
    <role name="site_editor">
      <users/>
      <groups>
        <groupUuid>_e-0000e229-815f-8000-9aee-01075c01075c_188</groupUuid>
      </groups>
    </role>
  </roleMap>
  <history>
    <historyInfo versionUuid="b169ebee-a191-4a8d-bfc9-fe531c5ef267"/>
  </history>
</siteHaul>
