<?xml version="1.0" encoding="UTF-8" standalone="yes"?>
<dataStoreHaul xmlns:a="http://www.appian.com/ae/types/2009">
    <versionUuid>_a-0000e229-815f-8000-9ba2-011c48011c48_145754</versionUuid>
    <dataStore>
        <uuid>_a-0000e229-815f-8000-9ba2-011c48011c48_110091</uuid>
        <name>OSMA_ds</name>
        <description>data store</description>
        <dataSourceKey>jdbc/Appian</dataSourceKey>
        <adaptingExplicitSqlNames>false</adaptingExplicitSqlNames>
        <autoUpdateSchema>true</autoUpdateSchema>
        <entities>
            <entity>
                <uuid>2db59a08-e7fc-444a-8487-3310c90775d0</uuid>
                <name>OSMA_entity</name>
                <type>{urn:com:appian:types}OSMA_cdt</type>
            </entity>
            <entity>
                <uuid>552dabb5-5fd9-4e33-9ef7-42b1792e844c</uuid>
                <name>OSMA_entity_2</name>
                <type>{urn:com:appian:types}OSMA_cdt_2</type>
            </entity>
            <entity>
                <uuid>5937ea7d-52ad-480b-9403-12e870cee680</uuid>
                <name>OSMA_entity_3</name>
                <type>{urn:com:appian:types}OSMA_cdt3</type>
            </entity>
        </entities>
    </dataStore>
    <isPublished>true</isPublished>
    <roleMap>
        <role inherit="false" allowForAll="false" name="administrators">
            <users/>
            <groups/>
        </role>
        <role inherit="false" allowForAll="false" name="authors">
            <users/>
            <groups>
                <groupUuid>_e-0000e229-815f-8000-9aee-01075c01075c_188</groupUuid>
            </groups>
        </role>
        <role inherit="false" allowForAll="false" name="denyAdministrators">
            <users/>
            <groups/>
        </role>
        <role inherit="false" allowForAll="false" name="denyAuthors">
            <users/>
            <groups/>
        </role>
        <role inherit="false" allowForAll="false" name="denyReaders">
            <users/>
            <groups/>
        </role>
        <role inherit="false" allowForAll="false" name="readers">
            <users/>
            <groups/>
        </role>
    </roleMap>
    <history>
        <historyInfo versionUuid="_a-0000e229-815f-8000-9ba2-011c48011c48_145754"/>
    </history>
</dataStoreHaul>
